class_name,parent_class,hp_ht_init,attack_skill_formula,damage_roll_formula,defense_skill_init,dr_formula,base_speed_init,attack_delay_formula,view_distance_init,exp_init,max_level_init,loot_chance_init,dynamic_notes,hp_multiplier,damage_multiplier,accuracy_multiplier,defense_multiplier,dr_multiplier,speed_multiplier,loot_multiplier,attack_delay_multiplier,view_distance_multiplier,exp_multiplier,hp_stddev,damage_stddev,accuracy_stddev,speed_stddev,source_file,source_line
com.shatteredpixel.shatteredpixeldungeon.actors.mobs.Acidic,Scorpio,inherited(Scorpio: 110),inherited(Scorpio: 36),"inherited(Scorpio: Random.NormalIntRange( 30, 40 ))",inherited(Scorpio: 24),"inherited(Scorpio: super.drRoll() + Random.NormalIntRange(0, 16))",Mob default: Char default: 1,inherited(Mob: delay * MonsterStats.attackDelayMultiplier(this)),inherited(Scorpio: Light.DISTANCE),inherited(Scorpio: 14),inherited(Scorpio: 27),1f,,1.0,0.8,1.0,1.0,1.0,1.0,1.0,1.0,1.0,1.0,0.10,0.064,0.05,0.03,core/src/main/java/com/shatteredpixel/shatteredpixeldungeon/actors/mobs/Acidic.java,32
com.shatteredpixel.shatteredpixeldungeon.actors.mobs.Albino,Rat,12,inherited(Rat: 8),"inherited(Rat: Random.NormalIntRange( 1, 4 ))",inherited(Rat: 2),"inherited(Rat: super.drRoll() + Random.NormalIntRange(0, 1))",Mob default: Char default: 1,inherited(Mob: delay * MonsterStats.attackDelayMultiplier(this)),Mob default: Char default: 8,2,inherited(Rat: 5),1f,randomized behavior/formula,1.0,0.8,1.0,1.0,1.0,1.0,1.0,1.0,1.0,1.0,0.10,0.064,0,0,core/src/main/java/com/shatteredpixel/shatteredpixeldungeon/actors/mobs/Albino.java,31
com.shatteredpixel.shatteredpixeldungeon.actors.mobs.ArmoredBrute,Brute,inherited(Brute: 40),inherited(Brute: 20),"buff(ArmoredRage.class) != null ? Random.NormalIntRange( 15, 40 ) : Random.NormalIntRange( 5, 25 )",inherited(Brute: 15),super.drRoll() + 4,Mob default: Char default: 1,inherited(Mob: delay * MonsterStats.attackDelayMultiplier(this)),Mob default: Char default: 8,inherited(Brute: 8),inherited(Brute: 16),1f,randomized behavior/formula,1.0,0.8,1.0,1.0,1.0,1.0,1.0,1.0,1.0,1.0,0.10,0.064,0.05,0,core/src/main/java/com/shatteredpixel/shatteredpixeldungeon/actors/mobs/ArmoredBrute.java,37
com.shatteredpixel.shatteredpixeldungeon.actors.mobs.ArmoredStatue,Statue,30 + Dungeon.depth * 10,"inherited(Statue: (int)((9 + Dungeon.depth) * weapon.accuracyFactor( this, target )))",inherited(Statue: weapon.damageRoll(this)),inherited(Statue: 4 + Dungeon.depth),"super.drRoll() + Random.NormalIntRange( armor.DRMin(), armor.DRMax())",Mob default: Char default: 1,inherited(Statue: super.attackDelay()*weapon.delayFactor( this )),Mob default: Char default: 8,inherited(Statue: 0),Mob default: Hero.MAX_LEVEL-1,Mob default: 0,depth/challenge-dependent code; randomized behavior/formula,1.0,0.8,1.0,1.0,1.0,1.0,1.0,1.0,1.0,1.0,0.10,0.064,0.05,0,core/src/main/java/com/shatteredpixel/shatteredpixeldungeon/actors/mobs/ArmoredStatue.java,35
com.shatteredpixel.shatteredpixeldungeon.actors.mobs.Bandit,Thief,inherited(Thief: 20),inherited(Thief: 12),"inherited(Thief: Random.NormalIntRange( 1, 10 ))",inherited(Thief: 12),"inherited(Thief: super.drRoll() + Random.NormalIntRange(0, 3))",Mob default: Char default: 1,inherited(Thief: super.attackDelay()*0.5f),Mob default: Char default: 8,inherited(Thief: 5),inherited(Thief: 11),1f,randomized behavior/formula,1.0,0.8,1.0,1.0,1.0,1.0,1.0,1.0,1.0,1.0,0.10,0.064,0,0,core/src/main/java/com/shatteredpixel/shatteredpixeldungeon/actors/mobs/Bandit.java,34
com.shatteredpixel.shatteredpixeldungeon.actors.mobs.Bat,Mob,30,16,"Random.NormalIntRange( 5, 18 )",15,"super.drRoll() + Random.NormalIntRange(0, 4)",2f,inherited(Mob: delay * MonsterStats.attackDelayMultiplier(this)),Mob default: Char default: 8,7,15,0.1667f,randomized behavior/formula,1.0,0.8,1.0,1.0,1.0,1.0,1.0,1.0,1.0,1.0,0.10,0.064,0.05,0,core/src/main/java/com/shatteredpixel/shatteredpixeldungeon/actors/mobs/Bat.java,33
com.shatteredpixel.shatteredpixeldungeon.actors.mobs.Bee,Mob,spawn(): (2 + level) * 4,defenseSkill,"Random.NormalIntRange( HT / 10, HT / 4 )",spawn(): 9 + level,Char default: 0,Mob default: Char default: 1,inherited(Mob: delay * MonsterStats.attackDelayMultiplier(this)),4,0,Mob default: Hero.MAX_LEVEL-1,Mob default: 0,randomized behavior/formula,1.0,0.8,1.0,1.0,1.0,1.0,1.0,1.0,1.0,1.0,0,0,0,0,core/src/main/java/com/shatteredpixel/shatteredpixeldungeon/actors/mobs/Bee.java,37
com.shatteredpixel.shatteredpixeldungeon.actors.mobs.Brute,Mob,40,20,"buff(BruteRage.class) != null ? Random.NormalIntRange( 15, 40 ) : Random.NormalIntRange( 5, 25 )",15,"super.drRoll() + Random.NormalIntRange(0, 8)",Mob default: Char default: 1,inherited(Mob: delay * MonsterStats.attackDelayMultiplier(this)),Mob default: Char default: 8,8,16,0.5f,randomized behavior/formula,1.0,0.8,1.0,1.0,1.0,1.0,1.0,1.0,1.0,1.0,0.10,0.064,0.05,0,core/src/main/java/com/shatteredpixel/shatteredpixeldungeon/actors/mobs/Brute.java,40
com.shatteredpixel.shatteredpixeldungeon.actors.mobs.CausticSlime,Slime,inherited(Slime: 20),inherited(Slime: 12),"inherited(Slime: Random.NormalIntRange( 2, 5 ))",inherited(Slime: 5),Char default: 0,Mob default: Char default: 1,inherited(Mob: delay * MonsterStats.attackDelayMultiplier(this)),Mob default: Char default: 8,inherited(Slime: 4),inherited(Slime: 9),inherited(Slime: 0.2f),randomized behavior/formula,1.0,0.8,1.0,1.0,1.0,1.0,1.0,1.0,1.0,1.0,0.10,0.064,0,0,core/src/main/java/com/shatteredpixel/shatteredpixeldungeon/actors/mobs/CausticSlime.java,33
com.shatteredpixel.shatteredpixeldungeon.actors.mobs.Crab,Mob,15,12,"Random.NormalIntRange( 1, 7 )",5,"super.drRoll() + Random.NormalIntRange(0, 4)",2f,inherited(Mob: delay * MonsterStats.attackDelayMultiplier(this)),Mob default: Char default: 8,4,9,0.167f,randomized behavior/formula,1.0,0.8,1.0,1.0,1.0,1.0,1.0,1.0,1.0,1.0,0.10,0.064,0,0,core/src/main/java/com/shatteredpixel/shatteredpixeldungeon/actors/mobs/Crab.java,29
com.shatteredpixel.shatteredpixeldungeon.actors.mobs.CrystalGuardian,Mob,100,20,"Random.NormalIntRange( 10, 16 )",14,"super.drRoll() + Random.NormalIntRange(0, 10)",Mob default: Char default: 1,inherited(Mob: delay * MonsterStats.attackDelayMultiplier(this)),Mob default: Char default: 8,10,-2,Mob default: 0,phase or runtime HP/HT changes; randomized behavior/formula,1.0,0.8,1.0,1.0,1.0,1.0,1.0,1.0,1.0,1.0,0,0,0,0,core/src/main/java/com/shatteredpixel/shatteredpixeldungeon/actors/mobs/CrystalGuardian.java,46
com.shatteredpixel.shatteredpixeldungeon.actors.mobs.CrystalMimic,Mimic,inherited(Mimic: adjustStats(): (1 + level) * 6),inherited(Mimic: INFINITE_ACCURACY | 6 + level),dmg | super.damageRoll(),inherited(Mimic: adjustStats(): 2 + level/2),"inherited(Mimic: super.drRoll() + Random.NormalIntRange(0, 1 + level/2))",Mob default: Char default: 1,inherited(Mob: delay * MonsterStats.attackDelayMultiplier(this)),Mob default: Char default: 8,inherited(Mimic: 0),Mob default: Hero.MAX_LEVEL-1,Mob default: 0,randomized behavior/formula,1.0,0.8,1.0,1.0,1.0,1.0,1.0,1.0,1.0,1.0,0.10,0.064,0,0,core/src/main/java/com/shatteredpixel/shatteredpixeldungeon/actors/mobs/CrystalMimic.java,50
com.shatteredpixel.shatteredpixeldungeon.actors.mobs.CrystalSpire,Mob,300,Char default: 0,Char default: 1,Mob default: 0,Char default: 0,Mob default: Char default: 1,inherited(Mob: delay * MonsterStats.attackDelayMultiplier(this)),Mob default: Char default: 8,20,Mob default: Hero.MAX_LEVEL-1,Mob default: 0,randomized behavior/formula,1.0,0.8,1.0,1.0,1.0,1.0,1.0,1.0,1.0,1.0,0,0,0,0,core/src/main/java/com/shatteredpixel/shatteredpixeldungeon/actors/mobs/CrystalSpire.java,60
com.shatteredpixel.shatteredpixeldungeon.actors.mobs.CrystalWisp,Mob,30,18,"Random.NormalIntRange( 5, 10 )",16,"super.drRoll() + Random.NormalIntRange(0, 5)",Mob default: Char default: 1,inherited(Mob: delay * MonsterStats.attackDelayMultiplier(this)),Mob default: Char default: 8,7,-2,Mob default: 0,randomized behavior/formula,1.0,0.8,1.0,1.0,1.0,1.0,1.0,1.0,1.0,1.0,0,0,0,0,core/src/main/java/com/shatteredpixel/shatteredpixeldungeon/actors/mobs/CrystalWisp.java,37
com.shatteredpixel.shatteredpixeldungeon.actors.mobs.DemonSpawner,Mob,120,Char default: 0,Char default: 1,0,"super.drRoll() + Random.NormalIntRange(0, 12)",Mob default: Char default: 1,inherited(Mob: delay * MonsterStats.attackDelayMultiplier(this)),Mob default: Char default: 8,15,29,1f,depth/challenge-dependent code; randomized behavior/formula,1.0,0.8,1.0,1.0,1.0,1.0,1.0,1.0,1.0,1.0,0,0,0,0,core/src/main/java/com/shatteredpixel/shatteredpixeldungeon/actors/mobs/DemonSpawner.java,41
com.shatteredpixel.shatteredpixeldungeon.actors.mobs.DM100,Mob,20,11,"Random.NormalIntRange( 2, 8 )",8,"super.drRoll() + Random.NormalIntRange(0, 4)",Mob default: Char default: 1,inherited(Mob: delay * MonsterStats.attackDelayMultiplier(this)),Mob default: Char default: 8,6,13,0.25f,randomized behavior/formula,1.0,0.8,1.0,1.0,1.0,1.0,1.0,1.0,1.0,1.0,0.10,0.064,0,0,core/src/main/java/com/shatteredpixel/shatteredpixeldungeon/actors/mobs/DM100.java,40
com.shatteredpixel.shatteredpixeldungeon.actors.mobs.DM200,Mob,80,20,"Random.NormalIntRange( 10, 25 )",12,"super.drRoll() + Random.NormalIntRange(0, 8)",Mob default: Char default: 1,inherited(Mob: delay * MonsterStats.attackDelayMultiplier(this)),Mob default: Char default: 8,9,17,0.2f,randomized behavior/formula,1.0,0.8,1.0,1.0,1.0,1.0,1.0,1.0,1.0,1.0,0.10,0.064,0.05,0,core/src/main/java/com/shatteredpixel/shatteredpixeldungeon/actors/mobs/DM200.java,38
com.shatteredpixel.shatteredpixeldungeon.actors.mobs.DM201,DM200,120,inherited(DM200: 20),"Random.NormalIntRange( 15, 25 )",inherited(DM200: 12),"inherited(DM200: super.drRoll() + Random.NormalIntRange(0, 8))",Mob default: Char default: 1,inherited(Mob: delay * MonsterStats.attackDelayMultiplier(this)),Mob default: Char default: 8,inherited(DM200: 9),inherited(DM200: 17),inherited(DM200: 0.2f),randomized behavior/formula,1.0,0.8,1.0,1.0,1.0,1.0,1.0,1.0,1.0,1.0,0.10,0.064,0.05,0,core/src/main/java/com/shatteredpixel/shatteredpixeldungeon/actors/mobs/DM201.java,35
com.shatteredpixel.shatteredpixeldungeon.actors.mobs.DM300,Mob,Dungeon.isChallenged(Challenges.STRONGER_BOSSES) ? 400 : 300,20,"Random.NormalIntRange( 15, 25 )",15,"super.drRoll() + Random.NormalIntRange(0, 10)",Mob default: Char default: 1,inherited(Mob: delay * MonsterStats.attackDelayMultiplier(this)),Mob default: Char default: 8,30,Mob default: Hero.MAX_LEVEL-1,Mob default: 0,depth/challenge-dependent code; randomized behavior/formula,1.0,0.8,1.0,1.0,1.0,1.0,1.0,1.0,1.0,1.0,0,0,0,0,core/src/main/java/com/shatteredpixel/shatteredpixeldungeon/actors/mobs/DM300.java,79
com.shatteredpixel.shatteredpixeldungeon.actors.mobs.DwarfKing,Mob,Dungeon.isChallenged(Challenges.STRONGER_BOSSES) ? 450 : 300,26,"Random.NormalIntRange( 15, 25 )",22,"super.drRoll() + Random.NormalIntRange(0, 10)",Mob default: Char default: 1,inherited(Mob: delay * MonsterStats.attackDelayMultiplier(this)),Mob default: Char default: 8,40,Mob default: Hero.MAX_LEVEL-1,Mob default: 0,depth/challenge-dependent code; phase or runtime HP/HT changes; randomized behavior/formula,1.0,0.8,1.0,1.0,1.0,1.0,1.0,1.0,1.0,1.0,0,0,0,0,core/src/main/java/com/shatteredpixel/shatteredpixeldungeon/actors/mobs/DwarfKing.java,80
com.shatteredpixel.shatteredpixeldungeon.actors.mobs.DwarfKing.DKGhoul,Ghoul,inherited(Ghoul: 45),inherited(Ghoul: 24),"inherited(Ghoul: Random.NormalIntRange( 16, 22 ))",inherited(Ghoul: 20),"inherited(Ghoul: super.drRoll() + Random.NormalIntRange(0, 4))",Mob default: Char default: 1,inherited(Mob: delay * MonsterStats.attackDelayMultiplier(this)),Mob default: Char default: 8,inherited(Ghoul: 5),inherited(Ghoul: 20),inherited(Ghoul: 0.2f),,1.0,0.8,1.0,1.0,1.0,1.0,1.0,1.0,1.0,1.0,0.10,0.064,0.05,0,core/src/main/java/com/shatteredpixel/shatteredpixeldungeon/actors/mobs/DwarfKing.java,604
com.shatteredpixel.shatteredpixeldungeon.actors.mobs.DwarfKing.DKGolem,Golem,inherited(Golem: 120),inherited(Golem: 28),"inherited(Golem: Random.NormalIntRange( 25, 30 ))",inherited(Golem: 15),"inherited(Golem: super.drRoll() + Random.NormalIntRange(0, 12))",Mob default: Char default: 1,inherited(Mob: delay * MonsterStats.attackDelayMultiplier(this)),Mob default: Char default: 8,inherited(Golem: 12),inherited(Golem: 22),inherited(Golem: 0.2f),,1.0,0.8,1.0,1.0,1.0,1.0,1.0,1.0,1.0,1.0,0.10,0.064,0.05,0,core/src/main/java/com/shatteredpixel/shatteredpixeldungeon/actors/mobs/DwarfKing.java,639
com.shatteredpixel.shatteredpixeldungeon.actors.mobs.DwarfKing.DKMonk,Monk,inherited(Monk: 70),inherited(Monk: 30),"inherited(Monk: Random.NormalIntRange( 12, 25 ))",inherited(Monk: 30),"inherited(Monk: super.drRoll() + Random.NormalIntRange(0, 2))",Mob default: Char default: 1,inherited(Monk: super.attackDelay()*0.5f),Mob default: Char default: 8,inherited(Monk: 11),inherited(Monk: 21),inherited(Monk: 0.083f),,1.0,0.8,1.0,1.0,1.0,1.0,1.0,1.0,1.0,1.0,0.10,0.064,0.05,0,core/src/main/java/com/shatteredpixel/shatteredpixeldungeon/actors/mobs/DwarfKing.java,617
com.shatteredpixel.shatteredpixeldungeon.actors.mobs.DwarfKing.DKWarlock,Warlock,inherited(Warlock: 70),inherited(Warlock: 25),"inherited(Warlock: Random.NormalIntRange( 12, 18 ))",inherited(Warlock: 18),"inherited(Warlock: super.drRoll() + Random.NormalIntRange(0, 8))",Mob default: Char default: 1,inherited(Mob: delay * MonsterStats.attackDelayMultiplier(this)),Mob default: Char default: 8,inherited(Warlock: 11),inherited(Warlock: 21),inherited(Warlock: 0.5f),,1.0,0.8,1.0,1.0,1.0,1.0,1.0,1.0,1.0,1.0,0.10,0.064,0.05,0,core/src/main/java/com/shatteredpixel/shatteredpixeldungeon/actors/mobs/DwarfKing.java,624
com.shatteredpixel.shatteredpixeldungeon.actors.mobs.EbonyMimic,Mimic,inherited(Mimic: adjustStats(): (1 + level) * 6),inherited(Mimic: INFINITE_ACCURACY | 6 + level),Math.round(super.damageRoll()*2f) | super.damageRoll(),inherited(Mimic: adjustStats(): 2 + level/2),"inherited(Mimic: super.drRoll() + Random.NormalIntRange(0, 1 + level/2))",Mob default: Char default: 1,inherited(Mob: delay * MonsterStats.attackDelayMultiplier(this)),Mob default: Char default: 8,inherited(Mimic: 0),Mob default: Hero.MAX_LEVEL-1,Mob default: 0,,1.0,0.8,1.0,1.0,1.0,1.0,1.0,1.0,1.0,1.0,0.10,0.064,0,0,core/src/main/java/com/shatteredpixel/shatteredpixeldungeon/actors/mobs/EbonyMimic.java,44
com.shatteredpixel.shatteredpixeldungeon.actors.mobs.Elemental.AllyNewBornElemental,NewbornFireElemental,inherited(Elemental: 60),inherited(Elemental.NewbornFireElemental: 15 | super.attackSkill(target)),"inherited(Elemental.NewbornFireElemental: Random.NormalIntRange(10, 12) | super.damageRoll())",inherited(Elemental.NewbornFireElemental: 12),"inherited(Elemental: super.drRoll() + Random.NormalIntRange(0, 5))",Mob default: Char default: 1,inherited(Mob: delay * MonsterStats.attackDelayMultiplier(this)),Mob default: Char default: 8,inherited(Elemental: 10),inherited(Elemental: 20),inherited(Elemental.FireElemental: 1/8f),,1.0,0.8,1.0,1.0,1.0,1.0,1.0,1.0,1.0,1.0,0.10,0.064,0.05,0,core/src/main/java/com/shatteredpixel/shatteredpixeldungeon/actors/mobs/Elemental.java,470
com.shatteredpixel.shatteredpixeldungeon.actors.mobs.Elemental.ChaosElemental,Elemental,inherited(Elemental: 60),inherited(Elemental: 25 | 5 + 5*regionScale),"inherited(Elemental: Random.NormalIntRange(20, 25) | Random.NormalIntRange(5*regionScale, 5 + 5*regionScale))",inherited(Elemental: 20),"inherited(Elemental: super.drRoll() + Random.NormalIntRange(0, 5))",Mob default: Char default: 1,inherited(Mob: delay * MonsterStats.attackDelayMultiplier(this)),Mob default: Char default: 8,inherited(Elemental: 10),inherited(Elemental: 20),1f,randomized behavior/formula,1.0,0.8,1.0,1.0,1.0,1.0,1.0,1.0,1.0,1.0,0.10,0.064,0.05,0,core/src/main/java/com/shatteredpixel/shatteredpixeldungeon/actors/mobs/Elemental.java,558
com.shatteredpixel.shatteredpixeldungeon.actors.mobs.Elemental.FireElemental,Elemental,inherited(Elemental: 60),inherited(Elemental: 25 | 5 + 5*regionScale),"inherited(Elemental: Random.NormalIntRange(20, 25) | Random.NormalIntRange(5*regionScale, 5 + 5*regionScale))",inherited(Elemental: 20),"inherited(Elemental: super.drRoll() + Random.NormalIntRange(0, 5))",Mob default: Char default: 1,inherited(Mob: delay * MonsterStats.attackDelayMultiplier(this)),Mob default: Char default: 8,inherited(Elemental: 10),inherited(Elemental: 20),1/8f,randomized behavior/formula,1.0,0.8,1.0,1.0,1.0,1.0,1.0,1.0,1.0,1.0,0.10,0.064,0.05,0,core/src/main/java/com/shatteredpixel/shatteredpixeldungeon/actors/mobs/Elemental.java,227
com.shatteredpixel.shatteredpixeldungeon.actors.mobs.Elemental.FrostElemental,Elemental,inherited(Elemental: 60),inherited(Elemental: 25 | 5 + 5*regionScale),"inherited(Elemental: Random.NormalIntRange(20, 25) | Random.NormalIntRange(5*regionScale, 5 + 5*regionScale))",inherited(Elemental: 20),"inherited(Elemental: super.drRoll() + Random.NormalIntRange(0, 5))",Mob default: Char default: 1,inherited(Mob: delay * MonsterStats.attackDelayMultiplier(this)),Mob default: Char default: 8,inherited(Elemental: 10),inherited(Elemental: 20),1/8f,randomized behavior/formula,1.0,0.8,1.0,1.0,1.0,1.0,1.0,1.0,1.0,1.0,0.10,0.064,0.05,0,core/src/main/java/com/shatteredpixel/shatteredpixeldungeon/actors/mobs/Elemental.java,480
com.shatteredpixel.shatteredpixeldungeon.actors.mobs.Elemental.NewbornFireElemental,FireElemental,inherited(Elemental: 60),15 | super.attackSkill(target),"Random.NormalIntRange(10, 12) | super.damageRoll()",12,"inherited(Elemental: super.drRoll() + Random.NormalIntRange(0, 5))",Mob default: Char default: 1,inherited(Mob: delay * MonsterStats.attackDelayMultiplier(this)),Mob default: Char default: 8,inherited(Elemental: 10),inherited(Elemental: 20),inherited(Elemental.FireElemental: 1/8f),randomized behavior/formula,1.0,0.8,1.0,1.0,1.0,1.0,1.0,1.0,1.0,1.0,0.10,0.064,0.05,0,core/src/main/java/com/shatteredpixel/shatteredpixeldungeon/actors/mobs/Elemental.java,260
com.shatteredpixel.shatteredpixeldungeon.actors.mobs.Elemental.ShockElemental,Elemental,inherited(Elemental: 60),inherited(Elemental: 25 | 5 + 5*regionScale),"inherited(Elemental: Random.NormalIntRange(20, 25) | Random.NormalIntRange(5*regionScale, 5 + 5*regionScale))",inherited(Elemental: 20),"inherited(Elemental: super.drRoll() + Random.NormalIntRange(0, 5))",Mob default: Char default: 1,inherited(Mob: delay * MonsterStats.attackDelayMultiplier(this)),Mob default: Char default: 8,inherited(Elemental: 10),inherited(Elemental: 20),1/4f,,1.0,0.8,1.0,1.0,1.0,1.0,1.0,1.0,1.0,1.0,0.10,0.064,0.05,0,core/src/main/java/com/shatteredpixel/shatteredpixeldungeon/actors/mobs/Elemental.java,508
com.shatteredpixel.shatteredpixeldungeon.actors.mobs.Eye,Mob,100,30,"Random.NormalIntRange(20, 30)",20,"super.drRoll() + Random.NormalIntRange(0, 10)",Mob default: Char default: 1,inherited(Mob: delay * MonsterStats.attackDelayMultiplier(this)),Light.DISTANCE,13,26,1f,randomized behavior/formula,1.0,0.8,1.0,1.0,1.0,1.0,1.0,1.0,1.0,1.0,0.10,0.064,0.05,0.03,core/src/main/java/com/shatteredpixel/shatteredpixeldungeon/actors/mobs/Eye.java,48
com.shatteredpixel.shatteredpixeldungeon.actors.mobs.FetidRat,Rat,20,12,"inherited(Rat: Random.NormalIntRange( 1, 4 ))",5,"super.drRoll() + Random.NormalIntRange(0, 2)",Mob default: Char default: 1,inherited(Mob: delay * MonsterStats.attackDelayMultiplier(this)),Mob default: Char default: 8,4,inherited(Rat: 5),Mob default: 0,randomized behavior/formula,1.0,0.8,1.0,1.0,1.0,1.0,1.0,1.0,1.0,1.0,0,0,0,0,core/src/main/java/com/shatteredpixel/shatteredpixeldungeon/actors/mobs/FetidRat.java,37
com.shatteredpixel.shatteredpixeldungeon.actors.mobs.FungalCore,Mob,300,Char default: 0,Char default: 1,Mob default: 0,Char default: 0,Mob default: Char default: 1,inherited(Mob: delay * MonsterStats.attackDelayMultiplier(this)),Mob default: Char default: 8,20,Mob default: Hero.MAX_LEVEL-1,Mob default: 0,,1.0,0.8,1.0,1.0,1.0,1.0,1.0,1.0,1.0,1.0,0,0,0,0,core/src/main/java/com/shatteredpixel/shatteredpixeldungeon/actors/mobs/FungalCore.java,27
com.shatteredpixel.shatteredpixeldungeon.actors.mobs.FungalSentry,Mob,200,50,"Random.NormalIntRange(5, 10)",12,Char default: 0,Mob default: Char default: 1,inherited(Mob: delay * MonsterStats.attackDelayMultiplier(this)),Mob default: Char default: 8,10,-2,Mob default: 0,randomized behavior/formula,1.0,0.8,1.0,1.0,1.0,1.0,1.0,1.0,1.0,1.0,0,0,0,0,core/src/main/java/com/shatteredpixel/shatteredpixeldungeon/actors/mobs/FungalSentry.java,32
com.shatteredpixel.shatteredpixeldungeon.actors.mobs.FungalSpinner,Spinner,40,inherited(Spinner: 22),"inherited(Spinner: Random.NormalIntRange(10, 20))",16,"inherited(Spinner: super.drRoll() + Random.NormalIntRange(0, 6))",Mob default: Char default: 1,inherited(Mob: delay * MonsterStats.attackDelayMultiplier(this)),Mob default: Char default: 8,7,-2,inherited(Spinner: 0.125f),,1.0,0.8,1.0,1.0,1.0,1.0,1.0,1.0,1.0,1.0,0.10,0.064,0.05,0,core/src/main/java/com/shatteredpixel/shatteredpixeldungeon/actors/mobs/FungalSpinner.java,33
com.shatteredpixel.shatteredpixeldungeon.actors.mobs.Ghoul,Mob,45,24,"Random.NormalIntRange( 16, 22 )",20,"super.drRoll() + Random.NormalIntRange(0, 4)",Mob default: Char default: 1,inherited(Mob: delay * MonsterStats.attackDelayMultiplier(this)),Mob default: Char default: 8,5,20,0.2f,randomized behavior/formula,1.0,0.8,1.0,1.0,1.0,1.0,1.0,1.0,1.0,1.0,0.10,0.064,0.05,0,core/src/main/java/com/shatteredpixel/shatteredpixeldungeon/actors/mobs/Ghoul.java,43
com.shatteredpixel.shatteredpixeldungeon.actors.mobs.Gnoll,Mob,12,10,"Random.NormalIntRange( 1, 6 )",4,"super.drRoll() + Random.NormalIntRange(0, 2)",Mob default: Char default: 1,inherited(Mob: delay * MonsterStats.attackDelayMultiplier(this)),Mob default: Char default: 8,2,8,0.5f,randomized behavior/formula,1.0,0.8,1.0,1.0,1.0,1.0,1.0,1.0,1.0,1.0,0.10,0.064,0,0,core/src/main/java/com/shatteredpixel/shatteredpixeldungeon/actors/mobs/Gnoll.java,29
com.shatteredpixel.shatteredpixeldungeon.actors.mobs.GnollExile,Gnoll,24,15,"Random.NormalIntRange( 1, 10 )",6,"super.drRoll() + Random.NormalIntRange(0, 1)",Mob default: Char default: 1,inherited(Mob: delay * MonsterStats.attackDelayMultiplier(this)),Mob default: Char default: 8,inherited(Gnoll: 2),inherited(Gnoll: 8),0f,randomized behavior/formula,1.0,0.8,1.0,1.0,1.0,1.0,1.0,1.0,1.0,1.0,0.10,0.064,0,0,core/src/main/java/com/shatteredpixel/shatteredpixeldungeon/actors/mobs/GnollExile.java,41
com.shatteredpixel.shatteredpixeldungeon.actors.mobs.GnollGeomancer,Mob,150,20,"Random.NormalIntRange( 3, 6 )",Mob default: 0,"super.drRoll() + Random.NormalIntRange(0, 6)",Mob default: Char default: 1,inherited(Mob: delay * MonsterStats.attackDelayMultiplier(this)),12,20,Mob default: Hero.MAX_LEVEL-1,Mob default: 0,randomized behavior/formula,1.0,0.8,1.0,1.0,1.0,1.0,1.0,1.0,1.0,1.0,0.10,0.064,0,0,core/src/main/java/com/shatteredpixel/shatteredpixeldungeon/actors/mobs/GnollGeomancer.java,66
com.shatteredpixel.shatteredpixeldungeon.actors.mobs.GnollGuard,Mob,35,20,"Random.NormalIntRange( 16, 22 ) | Random.NormalIntRange( 6, 12 )",15,"super.drRoll() + Random.NormalIntRange(0, 6)",Mob default: Char default: 1,inherited(Mob: delay * MonsterStats.attackDelayMultiplier(this)),Mob default: Char default: 8,7,-2,0.1f,randomized behavior/formula,1.0,0.8,1.0,1.0,1.0,1.0,1.0,1.0,1.0,1.0,0.10,0.064,0,0,core/src/main/java/com/shatteredpixel/shatteredpixeldungeon/actors/mobs/GnollGuard.java,35
com.shatteredpixel.shatteredpixeldungeon.actors.mobs.GnollSapper,Mob,45,18,"Random.NormalIntRange( 1, 6 )",15,"super.drRoll() + Random.NormalIntRange(0, 6)",Mob default: Char default: 1,inherited(Mob: delay * MonsterStats.attackDelayMultiplier(this)),Mob default: Char default: 8,10,-2,Mob default: 0,randomized behavior/formula,1.0,0.8,1.0,1.0,1.0,1.0,1.0,1.0,1.0,1.0,0.10,0.064,0,0,core/src/main/java/com/shatteredpixel/shatteredpixeldungeon/actors/mobs/GnollSapper.java,37
com.shatteredpixel.shatteredpixeldungeon.actors.mobs.GnollTrickster,Gnoll,20,16,"inherited(Gnoll: Random.NormalIntRange( 1, 6 ))",5,"inherited(Gnoll: super.drRoll() + Random.NormalIntRange(0, 2))",Mob default: Char default: 1,inherited(Mob: delay * MonsterStats.attackDelayMultiplier(this)),Mob default: Char default: 8,5,inherited(Gnoll: 8),1f,randomized behavior/formula,1.0,0.8,1.0,1.0,1.0,1.0,1.0,1.0,1.0,1.0,0.10,0.064,0,0,core/src/main/java/com/shatteredpixel/shatteredpixeldungeon/actors/mobs/GnollTrickster.java,43
com.shatteredpixel.shatteredpixeldungeon.actors.mobs.GoldenMimic,Mimic,inherited(Mimic: adjustStats(): (1 + level) * 6),inherited(Mimic: INFINITE_ACCURACY | 6 + level),"inherited(Mimic: Random.NormalIntRange( 2 + 2*level, 2 + 2*level) | Random.NormalIntRange( 1 + level, 2 + 2*level))",inherited(Mimic: adjustStats(): 2 + level/2),"inherited(Mimic: super.drRoll() + Random.NormalIntRange(0, 1 + level/2))",Mob default: Char default: 1,inherited(Mob: delay * MonsterStats.attackDelayMultiplier(this)),Mob default: Char default: 8,inherited(Mimic: 0),Mob default: Hero.MAX_LEVEL-1,Mob default: 0,randomized behavior/formula,1.0,0.8,1.0,1.0,1.0,1.0,1.0,1.0,1.0,1.0,0.10,0.064,0,0,core/src/main/java/com/shatteredpixel/shatteredpixeldungeon/actors/mobs/GoldenMimic.java,44
com.shatteredpixel.shatteredpixeldungeon.actors.mobs.Golem,Mob,120,28,"Random.NormalIntRange( 25, 30 )",15,"super.drRoll() + Random.NormalIntRange(0, 12)",Mob default: Char default: 1,inherited(Mob: delay * MonsterStats.attackDelayMultiplier(this)),Mob default: Char default: 8,12,22,0.2f,randomized behavior/formula,1.0,0.8,1.0,1.0,1.0,1.0,1.0,1.0,1.0,1.0,0.10,0.064,0.05,0,core/src/main/java/com/shatteredpixel/shatteredpixeldungeon/actors/mobs/Golem.java,40
com.shatteredpixel.shatteredpixeldungeon.actors.mobs.Goo,Mob,Dungeon.isChallenged(Challenges.STRONGER_BOSSES) ? 120 : 100,attack,"Random.NormalIntRange( min*3, max*3 ) | Random.NormalIntRange( min, max )",8,"super.drRoll() + Random.NormalIntRange(0, 2)",Mob default: Char default: 1,inherited(Mob: delay * MonsterStats.attackDelayMultiplier(this)),Mob default: Char default: 8,10,Mob default: Hero.MAX_LEVEL-1,Mob default: 0,depth/challenge-dependent code; phase or runtime HP/HT changes; randomized behavior/formula,1.0,0.8,1.0,1.0,1.0,1.0,1.0,1.0,1.0,1.0,0,0,0,0,core/src/main/java/com/shatteredpixel/shatteredpixeldungeon/actors/mobs/Goo.java,51
com.shatteredpixel.shatteredpixeldungeon.actors.mobs.GreatCrab,Crab,25,inherited(Crab: 12),"inherited(Crab: Random.NormalIntRange( 1, 7 ))",0,"inherited(Crab: super.drRoll() + Random.NormalIntRange(0, 4))",1f,inherited(Mob: delay * MonsterStats.attackDelayMultiplier(this)),Mob default: Char default: 8,6,inherited(Crab: 9),1f,randomized behavior/formula,1.0,0.8,1.0,1.0,1.0,1.0,1.0,1.0,1.0,1.0,0.10,0.064,0,0,core/src/main/java/com/shatteredpixel/shatteredpixeldungeon/actors/mobs/GreatCrab.java,40
com.shatteredpixel.shatteredpixeldungeon.actors.mobs.Guard,Mob,40,12,"Random.NormalIntRange(4, 12)",10,"super.drRoll() + Random.NormalIntRange(0, 7)",Mob default: Char default: 1,inherited(Mob: delay * MonsterStats.attackDelayMultiplier(this)),Mob default: Char default: 8,7,14,0.2f,randomized behavior/formula,1.0,0.8,1.0,1.0,1.0,1.0,1.0,1.0,1.0,1.0,0.10,0.064,0,0,core/src/main/java/com/shatteredpixel/shatteredpixeldungeon/actors/mobs/Guard.java,43
com.shatteredpixel.shatteredpixeldungeon.actors.mobs.HermitCrab,Crab,25,inherited(Crab: 12),"inherited(Crab: Random.NormalIntRange( 1, 7 ))",inherited(Crab: 5),super.drRoll() + 2,1f,inherited(Mob: delay * MonsterStats.attackDelayMultiplier(this)),Mob default: Char default: 8,inherited(Crab: 4),inherited(Crab: 9),0.5f,,1.0,0.8,1.0,1.0,1.0,1.0,1.0,1.0,1.0,1.0,0.10,0.064,0,0,core/src/main/java/com/shatteredpixel/shatteredpixeldungeon/actors/mobs/HermitCrab.java,28
com.shatteredpixel.shatteredpixeldungeon.actors.mobs.Mimic,Mob,adjustStats(): (1 + level) * 6,INFINITE_ACCURACY | 6 + level,"Random.NormalIntRange( 2 + 2*level, 2 + 2*level) | Random.NormalIntRange( 1 + level, 2 + 2*level)",adjustStats(): 2 + level/2,"super.drRoll() + Random.NormalIntRange(0, 1 + level/2)",Mob default: Char default: 1,inherited(Mob: delay * MonsterStats.attackDelayMultiplier(this)),Mob default: Char default: 8,0,Mob default: Hero.MAX_LEVEL-1,Mob default: 0,depth/challenge-dependent code; randomized behavior/formula,1.0,0.8,1.0,1.0,1.0,1.0,1.0,1.0,1.0,1.0,0.10,0.064,0,0,core/src/main/java/com/shatteredpixel/shatteredpixeldungeon/actors/mobs/Mimic.java,51
com.shatteredpixel.shatteredpixeldungeon.actors.mobs.Monk,Mob,70,30,"Random.NormalIntRange( 12, 25 )",30,"super.drRoll() + Random.NormalIntRange(0, 2)",Mob default: Char default: 1,super.attackDelay()*0.5f,Mob default: Char default: 8,11,21,0.083f,randomized behavior/formula,1.0,0.8,1.0,1.0,1.0,1.0,1.0,1.0,1.0,1.0,0.10,0.064,0.05,0,core/src/main/java/com/shatteredpixel/shatteredpixeldungeon/actors/mobs/Monk.java,37
com.shatteredpixel.shatteredpixeldungeon.actors.mobs.Necromancer,Mob,40,Char default: 0,Char default: 1,14,"super.drRoll() + Random.NormalIntRange(0, 5)",Mob default: Char default: 1,inherited(Mob: delay * MonsterStats.attackDelayMultiplier(this)),Mob default: Char default: 8,7,14,0.2f,phase or runtime HP/HT changes; randomized behavior/formula,1.0,0.8,1.0,1.0,1.0,1.0,1.0,1.0,1.0,1.0,0.10,0.064,0,0,core/src/main/java/com/shatteredpixel/shatteredpixeldungeon/actors/mobs/Necromancer.java,50
com.shatteredpixel.shatteredpixeldungeon.actors.mobs.Necromancer.NecroSkeleton,Skeleton,inherited(Skeleton: 25),inherited(Skeleton: 12),"inherited(Skeleton: Random.NormalIntRange( 2, 10 ))",inherited(Skeleton: 9),"inherited(Skeleton: super.drRoll() + Random.NormalIntRange(0, 5))",Mob default: Char default: 1,inherited(Mob: delay * MonsterStats.attackDelayMultiplier(this)),Mob default: Char default: 8,inherited(Skeleton: 5),-5,inherited(Skeleton: 0.1667f),,1.0,0.8,1.0,1.0,1.0,1.0,1.0,1.0,1.0,1.0,0.10,0.064,0,0,core/src/main/java/com/shatteredpixel/shatteredpixeldungeon/actors/mobs/Necromancer.java,409
com.shatteredpixel.shatteredpixeldungeon.actors.mobs.PhantomPiranha,Piranha,inherited(Piranha: 10 + Dungeon.depth * 5),inherited(Piranha: 20 + Dungeon.depth * 2),"inherited(Piranha: Random.NormalIntRange( Dungeon.depth, 4 + Dungeon.depth * 2 ))",inherited(Piranha: 10 + Dungeon.depth * 2),"inherited(Piranha: super.drRoll() + Random.NormalIntRange(0, Dungeon.depth))",inherited(Piranha: 2f),inherited(Mob: delay * MonsterStats.attackDelayMultiplier(this)),Mob default: Char default: 8,inherited(Piranha: 0),Mob default: Hero.MAX_LEVEL-1,1f,randomized behavior/formula,1.0,0.8,1.0,1.0,1.0,1.0,1.0,1.0,1.0,1.0,0.10,0.064,0.05,0,core/src/main/java/com/shatteredpixel/shatteredpixeldungeon/actors/mobs/PhantomPiranha.java,40
com.shatteredpixel.shatteredpixeldungeon.actors.mobs.Piranha,Mob,10 + Dungeon.depth * 5,20 + Dungeon.depth * 2,"Random.NormalIntRange( Dungeon.depth, 4 + Dungeon.depth * 2 )",10 + Dungeon.depth * 2,"super.drRoll() + Random.NormalIntRange(0, Dungeon.depth)",2f,inherited(Mob: delay * MonsterStats.attackDelayMultiplier(this)),Mob default: Char default: 8,0,Mob default: Hero.MAX_LEVEL-1,1f,depth/challenge-dependent code; randomized behavior/formula,1.0,0.8,1.0,1.0,1.0,1.0,1.0,1.0,1.0,1.0,0.10,0.064,0.05,0,core/src/main/java/com/shatteredpixel/shatteredpixeldungeon/actors/mobs/Piranha.java,42
com.shatteredpixel.shatteredpixeldungeon.actors.mobs.Pylon,Mob,Dungeon.isChallenged(Challenges.STRONGER_BOSSES) ? 80 : 50,Char default: 0,Char default: 1,Mob default: 0,Char default: 0,Mob default: Char default: 1,inherited(Mob: delay * MonsterStats.attackDelayMultiplier(this)),Mob default: Char default: 8,Mob default: 1,-2,Mob default: 0,depth/challenge-dependent code; randomized behavior/formula,1.0,0.8,1.0,1.0,1.0,1.0,1.0,1.0,1.0,1.0,0,0,0,0,core/src/main/java/com/shatteredpixel/shatteredpixeldungeon/actors/mobs/Pylon.java,49
com.shatteredpixel.shatteredpixeldungeon.actors.mobs.quest.vault.VaultBossElemental,Mob,600,28,"Random.NormalIntRange( 15, 20 ) | Random.NormalIntRange( 20, 25 )",20,"super.drRoll() + Random.NormalIntRange(0, 10)",Mob default: Char default: 1,inherited(Mob: delay * MonsterStats.attackDelayMultiplier(this)),Mob default: Char default: 8,30,Mob default: Hero.MAX_LEVEL-1,Mob default: 0,phase or runtime HP/HT changes; randomized behavior/formula,1.0,0.8,1.0,1.0,1.0,1.0,1.0,1.0,1.0,1.0,0,0,0,0,core/src/main/java/com/shatteredpixel/shatteredpixeldungeon/actors/mobs/quest/vault/VaultBossElemental.java,81
com.shatteredpixel.shatteredpixeldungeon.actors.mobs.quest.vault.VaultDM100,DM100,inherited(DM100: 20),25,"inherited(DM100: Random.NormalIntRange( 2, 8 ))",18,super.drRoll() + 4,Mob default: Char default: 1,inherited(Mob: delay * MonsterStats.attackDelayMultiplier(this)),Mob default: Char default: 8,0,30,1,,1.0,0.8,1.0,1.0,1.0,1.0,1.0,1.0,1.0,1.0,0.10,0.064,0,0,core/src/main/java/com/shatteredpixel/shatteredpixeldungeon/actors/mobs/quest/vault/VaultDM100.java,29
com.shatteredpixel.shatteredpixeldungeon.actors.mobs.quest.vault.VaultDM200,DM200,inherited(DM200: 80),28,"inherited(DM200: Random.NormalIntRange( 10, 25 ))",15,"inherited(DM200: super.drRoll() + Random.NormalIntRange(0, 8))",Mob default: Char default: 1,inherited(Mob: delay * MonsterStats.attackDelayMultiplier(this)),Mob default: Char default: 8,0,30,1,,1.0,0.8,1.0,1.0,1.0,1.0,1.0,1.0,1.0,1.0,0,0,0,0,core/src/main/java/com/shatteredpixel/shatteredpixeldungeon/actors/mobs/quest/vault/VaultDM200.java,30
com.shatteredpixel.shatteredpixeldungeon.actors.mobs.quest.vault.VaultElemental.Fire,FireElemental,inherited(Elemental: 60),inherited(Elemental: 25 | 5 + 5*regionScale),"inherited(Elemental: Random.NormalIntRange(20, 25) | Random.NormalIntRange(5*regionScale, 5 + 5*regionScale))",inherited(Elemental: 20),"inherited(Elemental: super.drRoll() + Random.NormalIntRange(0, 5))",Mob default: Char default: 1,inherited(Mob: delay * MonsterStats.attackDelayMultiplier(this)),Mob default: Char default: 8,0,30,1,,1.0,0.8,1.0,1.0,1.0,1.0,1.0,1.0,1.0,1.0,0,0,0,0,core/src/main/java/com/shatteredpixel/shatteredpixeldungeon/actors/mobs/quest/vault/VaultElemental.java,41
com.shatteredpixel.shatteredpixeldungeon.actors.mobs.quest.vault.VaultElemental.Frost,FrostElemental,inherited(Elemental: 60),inherited(Elemental: 25 | 5 + 5*regionScale),"inherited(Elemental: Random.NormalIntRange(20, 25) | Random.NormalIntRange(5*regionScale, 5 + 5*regionScale))",inherited(Elemental: 20),"inherited(Elemental: super.drRoll() + Random.NormalIntRange(0, 5))",Mob default: Char default: 1,inherited(Mob: delay * MonsterStats.attackDelayMultiplier(this)),Mob default: Char default: 8,0,30,1,,1.0,0.8,1.0,1.0,1.0,1.0,1.0,1.0,1.0,1.0,0,0,0,0,core/src/main/java/com/shatteredpixel/shatteredpixeldungeon/actors/mobs/quest/vault/VaultElemental.java,56
com.shatteredpixel.shatteredpixeldungeon.actors.mobs.quest.vault.VaultElemental.Shock,ShockElemental,inherited(Elemental: 60),inherited(Elemental: 25 | 5 + 5*regionScale),"inherited(Elemental: Random.NormalIntRange(20, 25) | Random.NormalIntRange(5*regionScale, 5 + 5*regionScale))",inherited(Elemental: 20),"inherited(Elemental: super.drRoll() + Random.NormalIntRange(0, 5))",Mob default: Char default: 1,inherited(Mob: delay * MonsterStats.attackDelayMultiplier(this)),Mob default: Char default: 8,0,30,1,,1.0,0.8,1.0,1.0,1.0,1.0,1.0,1.0,1.0,1.0,0,0,0,0,core/src/main/java/com/shatteredpixel/shatteredpixeldungeon/actors/mobs/quest/vault/VaultElemental.java,71
com.shatteredpixel.shatteredpixeldungeon.actors.mobs.quest.vault.VaultGhoul,Ghoul,inherited(Ghoul: 45),inherited(Ghoul: 24),"inherited(Ghoul: Random.NormalIntRange( 16, 22 ))",inherited(Ghoul: 20),"inherited(Ghoul: super.drRoll() + Random.NormalIntRange(0, 4))",Mob default: Char default: 1,inherited(Mob: delay * MonsterStats.attackDelayMultiplier(this)),Mob default: Char default: 8,0,30,1,,1.0,0.8,1.0,1.0,1.0,1.0,1.0,1.0,1.0,1.0,0,0,0,0,core/src/main/java/com/shatteredpixel/shatteredpixeldungeon/actors/mobs/quest/vault/VaultGhoul.java,31
com.shatteredpixel.shatteredpixeldungeon.actors.mobs.quest.vault.VaultGolem,Golem,inherited(Golem: 120),inherited(Golem: 28),"inherited(Golem: Random.NormalIntRange( 25, 30 ))",inherited(Golem: 15),"inherited(Golem: super.drRoll() + Random.NormalIntRange(0, 12))",Mob default: Char default: 1,inherited(Mob: delay * MonsterStats.attackDelayMultiplier(this)),Mob default: Char default: 8,0,30,1,,1.0,0.8,1.0,1.0,1.0,1.0,1.0,1.0,1.0,1.0,0,0,0,0,core/src/main/java/com/shatteredpixel/shatteredpixeldungeon/actors/mobs/quest/vault/VaultGolem.java,29
com.shatteredpixel.shatteredpixeldungeon.actors.mobs.quest.vault.VaultRat,Rat,inherited(Rat: 8),24,"inherited(Rat: Random.NormalIntRange( 1, 4 ))",18,"inherited(Rat: super.drRoll() + Random.NormalIntRange(0, 1))",Mob default: Char default: 1,inherited(Mob: delay * MonsterStats.attackDelayMultiplier(this)),Mob default: Char default: 8,0,30,1,,1.0,0.8,1.0,1.0,1.0,1.0,1.0,1.0,1.0,1.0,0.10,0.064,0,0,core/src/main/java/com/shatteredpixel/shatteredpixeldungeon/actors/mobs/quest/vault/VaultRat.java,32
com.shatteredpixel.shatteredpixeldungeon.actors.mobs.quest.vault.VaultShaman,Shaman,inherited(Shaman: 35),25,"Random.NormalIntRange( 5, 25 )",18,super.drRoll() + 5,Mob default: Char default: 1,inherited(Mob: delay * MonsterStats.attackDelayMultiplier(this)),Mob default: Char default: 8,0,30,1,randomized behavior/formula,1.0,0.8,1.0,1.0,1.0,1.0,1.0,1.0,1.0,1.0,0.10,0.064,0.05,0,core/src/main/java/com/shatteredpixel/shatteredpixeldungeon/actors/mobs/quest/vault/VaultShaman.java,36
com.shatteredpixel.shatteredpixeldungeon.actors.mobs.quest.vault.VaultSkeleton,Skeleton,inherited(Skeleton: 25),24,"inherited(Skeleton: Random.NormalIntRange( 2, 10 ))",20,super.drRoll() + 4,Mob default: Char default: 1,inherited(Mob: delay * MonsterStats.attackDelayMultiplier(this)),Mob default: Char default: 8,0,30,1,,1.0,0.8,1.0,1.0,1.0,1.0,1.0,1.0,1.0,1.0,0.10,0.064,0,0,core/src/main/java/com/shatteredpixel/shatteredpixeldungeon/actors/mobs/quest/vault/VaultSkeleton.java,30
com.shatteredpixel.shatteredpixeldungeon.actors.mobs.Rat,Mob,8,8,"Random.NormalIntRange( 1, 4 )",2,"super.drRoll() + Random.NormalIntRange(0, 1)",Mob default: Char default: 1,inherited(Mob: delay * MonsterStats.attackDelayMultiplier(this)),Mob default: Char default: 8,Mob default: 1,5,Mob default: 0,randomized behavior/formula,1.0,0.8,1.0,1.0,1.0,1.0,1.0,1.0,1.0,1.0,0.10,0.064,0,0,core/src/main/java/com/shatteredpixel/shatteredpixeldungeon/actors/mobs/Rat.java,31
com.shatteredpixel.shatteredpixeldungeon.actors.mobs.RipperDemon,Mob,60,30,"Random.NormalIntRange( 15, 25 )",22,"super.drRoll() + Random.NormalIntRange(0, 4)",1f,super.attackDelay()*0.5f,Light.DISTANCE,9,-2,Mob default: 0,randomized behavior/formula,1.0,0.8,1.0,1.0,1.0,1.0,1.0,1.0,1.0,1.0,0.10,0.064,0.05,0.03,core/src/main/java/com/shatteredpixel/shatteredpixeldungeon/actors/mobs/RipperDemon.java,46
com.shatteredpixel.shatteredpixeldungeon.actors.mobs.RotHeart,Mob,80,0,0,0,"super.drRoll() + Random.NormalIntRange(0, 5)",Mob default: Char default: 1,inherited(Mob: delay * MonsterStats.attackDelayMultiplier(this)),Mob default: Char default: 8,4,Mob default: Hero.MAX_LEVEL-1,Mob default: 0,randomized behavior/formula,1.0,0.8,1.0,1.0,1.0,1.0,1.0,1.0,1.0,1.0,0,0,0,0,core/src/main/java/com/shatteredpixel/shatteredpixeldungeon/actors/mobs/RotHeart.java,37
com.shatteredpixel.shatteredpixeldungeon.actors.mobs.RotLasher,Mob,80,25,"Random.NormalIntRange(10, 20)",0,"super.drRoll() + Random.NormalIntRange(0, 8)",Mob default: Char default: 1,inherited(Mob: delay * MonsterStats.attackDelayMultiplier(this)),1,1,Mob default: Hero.MAX_LEVEL-1,0.75f,phase or runtime HP/HT changes; randomized behavior/formula,1.0,0.8,1.0,1.0,1.0,1.0,1.0,1.0,1.0,1.0,0.10,0.064,0.05,0.03,core/src/main/java/com/shatteredpixel/shatteredpixeldungeon/actors/mobs/RotLasher.java,37
com.shatteredpixel.shatteredpixeldungeon.actors.mobs.Scorpio,Mob,110,36,"Random.NormalIntRange( 30, 40 )",24,"super.drRoll() + Random.NormalIntRange(0, 16)",Mob default: Char default: 1,inherited(Mob: delay * MonsterStats.attackDelayMultiplier(this)),Light.DISTANCE,14,27,0.5f,randomized behavior/formula,1.0,0.8,1.0,1.0,1.0,1.0,1.0,1.0,1.0,1.0,0.10,0.064,0.05,0.03,core/src/main/java/com/shatteredpixel/shatteredpixeldungeon/actors/mobs/Scorpio.java,39
com.shatteredpixel.shatteredpixeldungeon.actors.mobs.Senior,Monk,inherited(Monk: 70),inherited(Monk: 30),"Random.NormalIntRange( 16, 25 )",inherited(Monk: 30),"inherited(Monk: super.drRoll() + Random.NormalIntRange(0, 2))",Mob default: Char default: 1,inherited(Monk: super.attackDelay()*0.5f),Mob default: Char default: 8,inherited(Monk: 11),inherited(Monk: 21),1f,randomized behavior/formula,1.0,0.8,1.0,1.0,1.0,1.0,1.0,1.0,1.0,1.0,0.10,0.064,0.05,0,core/src/main/java/com/shatteredpixel/shatteredpixeldungeon/actors/mobs/Senior.java,28
com.shatteredpixel.shatteredpixeldungeon.actors.mobs.Shaman.BlueShaman,Shaman,inherited(Shaman: 35),inherited(Shaman: 18),"inherited(Shaman: Random.NormalIntRange( 5, 10 ))",inherited(Shaman: 15),"inherited(Shaman: super.drRoll() + Random.NormalIntRange(0, 6))",Mob default: Char default: 1,inherited(Mob: delay * MonsterStats.attackDelayMultiplier(this)),Mob default: Char default: 8,inherited(Shaman: 8),inherited(Shaman: 16),inherited(Shaman: 0.03f),,1.0,0.8,1.0,1.0,1.0,1.0,1.0,1.0,1.0,1.0,0.10,0.064,0.05,0,core/src/main/java/com/shatteredpixel/shatteredpixeldungeon/actors/mobs/Shaman.java,162
com.shatteredpixel.shatteredpixeldungeon.actors.mobs.Shaman.PurpleShaman,Shaman,inherited(Shaman: 35),inherited(Shaman: 18),"inherited(Shaman: Random.NormalIntRange( 5, 10 ))",inherited(Shaman: 15),"inherited(Shaman: super.drRoll() + Random.NormalIntRange(0, 6))",Mob default: Char default: 1,inherited(Mob: delay * MonsterStats.attackDelayMultiplier(this)),Mob default: Char default: 8,inherited(Shaman: 8),inherited(Shaman: 16),inherited(Shaman: 0.03f),,1.0,0.8,1.0,1.0,1.0,1.0,1.0,1.0,1.0,1.0,0.10,0.064,0.05,0,core/src/main/java/com/shatteredpixel/shatteredpixeldungeon/actors/mobs/Shaman.java,173
com.shatteredpixel.shatteredpixeldungeon.actors.mobs.Shaman.RedShaman,Shaman,inherited(Shaman: 35),inherited(Shaman: 18),"inherited(Shaman: Random.NormalIntRange( 5, 10 ))",inherited(Shaman: 15),"inherited(Shaman: super.drRoll() + Random.NormalIntRange(0, 6))",Mob default: Char default: 1,inherited(Mob: delay * MonsterStats.attackDelayMultiplier(this)),Mob default: Char default: 8,inherited(Shaman: 8),inherited(Shaman: 16),inherited(Shaman: 0.03f),,1.0,0.8,1.0,1.0,1.0,1.0,1.0,1.0,1.0,1.0,0.10,0.064,0.05,0,core/src/main/java/com/shatteredpixel/shatteredpixeldungeon/actors/mobs/Shaman.java,151
com.shatteredpixel.shatteredpixeldungeon.actors.mobs.Skeleton,Mob,25,12,"Random.NormalIntRange( 2, 10 )",9,"super.drRoll() + Random.NormalIntRange(0, 5)",Mob default: Char default: 1,inherited(Mob: delay * MonsterStats.attackDelayMultiplier(this)),Mob default: Char default: 8,5,10,0.1667f,randomized behavior/formula,1.0,0.8,1.0,1.0,1.0,1.0,1.0,1.0,1.0,1.0,0.10,0.064,0,0,core/src/main/java/com/shatteredpixel/shatteredpixeldungeon/actors/mobs/Skeleton.java,47
com.shatteredpixel.shatteredpixeldungeon.actors.mobs.Slime,Mob,20,12,"Random.NormalIntRange( 2, 5 )",5,Char default: 0,Mob default: Char default: 1,inherited(Mob: delay * MonsterStats.attackDelayMultiplier(this)),Mob default: Char default: 8,4,9,0.2f,randomized behavior/formula,1.0,0.8,1.0,1.0,1.0,1.0,1.0,1.0,1.0,1.0,0.10,0.064,0,0,core/src/main/java/com/shatteredpixel/shatteredpixeldungeon/actors/mobs/Slime.java,33
com.shatteredpixel.shatteredpixeldungeon.actors.mobs.Snake,Mob,4,10,"Random.NormalIntRange( 1, 4 )",25,Char default: 0,Mob default: Char default: 1,inherited(Mob: delay * MonsterStats.attackDelayMultiplier(this)),Mob default: Char default: 8,2,7,0.25f,randomized behavior/formula,1.0,0.8,1.0,1.0,1.0,1.0,1.0,1.0,1.0,1.0,0.10,0.064,0,0,core/src/main/java/com/shatteredpixel/shatteredpixeldungeon/actors/mobs/Snake.java,33
com.shatteredpixel.shatteredpixeldungeon.actors.mobs.SpectralNecromancer,Necromancer,inherited(Necromancer: 40),Char default: 0,Char default: 1,inherited(Necromancer: 14),"inherited(Necromancer: super.drRoll() + Random.NormalIntRange(0, 5))",Mob default: Char default: 1,inherited(Mob: delay * MonsterStats.attackDelayMultiplier(this)),Mob default: Char default: 8,inherited(Necromancer: 7),inherited(Necromancer: 14),inherited(Necromancer: 0.2f),randomized behavior/formula,1.0,0.8,1.0,1.0,1.0,1.0,1.0,1.0,1.0,1.0,0.10,0.064,0,0,core/src/main/java/com/shatteredpixel/shatteredpixeldungeon/actors/mobs/SpectralNecromancer.java,40
com.shatteredpixel.shatteredpixeldungeon.actors.mobs.Spinner,Mob,50,22,"Random.NormalIntRange(10, 20)",17,"super.drRoll() + Random.NormalIntRange(0, 6)",Mob default: Char default: 1,inherited(Mob: delay * MonsterStats.attackDelayMultiplier(this)),Mob default: Char default: 8,9,17,0.125f,randomized behavior/formula,1.0,0.8,1.0,1.0,1.0,1.0,1.0,1.0,1.0,1.0,0.10,0.064,0.05,0,core/src/main/java/com/shatteredpixel/shatteredpixeldungeon/actors/mobs/Spinner.java,41
com.shatteredpixel.shatteredpixeldungeon.actors.mobs.Statue,Mob,15 + Dungeon.depth * 5,"(int)((9 + Dungeon.depth) * weapon.accuracyFactor( this, target ))",weapon.damageRoll(this),4 + Dungeon.depth,"super.drRoll() + Random.NormalIntRange(0, Dungeon.depth + weapon.defenseFactor(this))",Mob default: Char default: 1,super.attackDelay()*weapon.delayFactor( this ),Mob default: Char default: 8,0,Mob default: Hero.MAX_LEVEL-1,Mob default: 0,depth/challenge-dependent code; damage depends on equipped weapon; randomized behavior/formula,1.0,0.8,1.0,1.0,1.0,1.0,1.0,1.0,1.0,1.0,0.10,0.064,0.05,0,core/src/main/java/com/shatteredpixel/shatteredpixeldungeon/actors/mobs/Statue.java,41
com.shatteredpixel.shatteredpixeldungeon.actors.mobs.Succubus,Mob,80,40,"Random.NormalIntRange( 25, 30 )",25,"super.drRoll() + Random.NormalIntRange(0, 10)",Mob default: Char default: 1,inherited(Mob: delay * MonsterStats.attackDelayMultiplier(this)),Light.DISTANCE,12,25,0.33f,randomized behavior/formula,1.0,0.8,1.0,1.0,1.0,1.0,1.0,1.0,1.0,1.0,0.10,0.064,0.05,0.03,core/src/main/java/com/shatteredpixel/shatteredpixeldungeon/actors/mobs/Succubus.java,51
com.shatteredpixel.shatteredpixeldungeon.actors.mobs.Swarm,Mob,50,10,"Random.NormalIntRange( 1, 4 )",5,Char default: 0,Mob default: Char default: 1,inherited(Mob: delay * MonsterStats.attackDelayMultiplier(this)),Mob default: Char default: 8,3,9,0.1667f,randomized behavior/formula,1.0,0.8,1.0,1.0,1.0,1.0,1.0,1.0,1.0,1.0,0.10,0.064,0,0,core/src/main/java/com/shatteredpixel/shatteredpixeldungeon/actors/mobs/Swarm.java,40
com.shatteredpixel.shatteredpixeldungeon.actors.mobs.Tengu,Mob,Dungeon.isChallenged(Challenges.STRONGER_BOSSES) ? 250 : 200,10 | 20,"Random.NormalIntRange( 6, 12 )",15,"super.drRoll() + Random.NormalIntRange(0, 5)",Mob default: Char default: 1,inherited(Mob: delay * MonsterStats.attackDelayMultiplier(this)),12,20,Mob default: Hero.MAX_LEVEL-1,Mob default: 0,depth/challenge-dependent code; phase or runtime HP/HT changes; randomized behavior/formula,1.0,0.8,1.0,1.0,1.0,1.0,1.0,1.0,1.0,1.0,0,0,0,0,core/src/main/java/com/shatteredpixel/shatteredpixeldungeon/actors/mobs/Tengu.java,85
com.shatteredpixel.shatteredpixeldungeon.actors.mobs.Thief,Mob,20,12,"Random.NormalIntRange( 1, 10 )",12,"super.drRoll() + Random.NormalIntRange(0, 3)",Mob default: Char default: 1,super.attackDelay()*0.5f,Mob default: Char default: 8,5,11,0.03f,randomized behavior/formula,1.0,0.8,1.0,1.0,1.0,1.0,1.0,1.0,1.0,1.0,0.10,0.064,0,0,core/src/main/java/com/shatteredpixel/shatteredpixeldungeon/actors/mobs/Thief.java,39
com.shatteredpixel.shatteredpixeldungeon.actors.mobs.TormentedSpirit,Wraith,inherited(Wraith: 1),10 + Math.round(1.5f*level),"Random.NormalIntRange( 1 + Math.round(1.5f*level)/2, 2 + Math.round(1.5f*level) )",inherited(Wraith: adjustStats(): attackSkill( null ) * 5),Char default: 0,Mob default: Char default: 1,inherited(Mob: delay * MonsterStats.attackDelayMultiplier(this)),Mob default: Char default: 8,inherited(Wraith: 0),inherited(Wraith: -2),Mob default: 0,randomized behavior/formula,1.0,0.8,1.0,1.0,1.0,1.0,1.0,1.0,1.0,1.0,0,0,0,0,core/src/main/java/com/shatteredpixel/shatteredpixeldungeon/actors/mobs/TormentedSpirit.java,38
com.shatteredpixel.shatteredpixeldungeon.actors.mobs.Warlock,Mob,70,25,"Random.NormalIntRange( 12, 18 )",18,"super.drRoll() + Random.NormalIntRange(0, 8)",Mob default: Char default: 1,inherited(Mob: delay * MonsterStats.attackDelayMultiplier(this)),Mob default: Char default: 8,11,21,0.5f,randomized behavior/formula,1.0,0.8,1.0,1.0,1.0,1.0,1.0,1.0,1.0,1.0,0.10,0.064,0.05,0,core/src/main/java/com/shatteredpixel/shatteredpixeldungeon/actors/mobs/Warlock.java,43
com.shatteredpixel.shatteredpixeldungeon.actors.mobs.Wraith,Mob,1,10 + level,"Random.NormalIntRange( 1 + level/2, 2 + level )",adjustStats(): attackSkill( null ) * 5,Char default: 0,Mob default: Char default: 1,inherited(Mob: delay * MonsterStats.attackDelayMultiplier(this)),Mob default: Char default: 8,0,-2,Mob default: 0,randomized behavior/formula,1.0,0.8,1.0,1.0,1.0,1.0,1.0,1.0,1.0,1.0,0.10,0.064,0,0,core/src/main/java/com/shatteredpixel/shatteredpixeldungeon/actors/mobs/Wraith.java,40
com.shatteredpixel.shatteredpixeldungeon.actors.mobs.YogDzewa,Mob,1000,INFINITE_ACCURACY,Char default: 1,Mob default: 0,Char default: 0,Mob default: Char default: 1,inherited(Mob: delay * MonsterStats.attackDelayMultiplier(this)),12,50,Mob default: Hero.MAX_LEVEL-1,Mob default: 0,depth/challenge-dependent code; phase or runtime HP/HT changes; randomized behavior/formula,1.0,0.8,1.0,1.0,1.0,1.0,1.0,1.0,1.0,1.0,0,0,0,0,core/src/main/java/com/shatteredpixel/shatteredpixeldungeon/actors/mobs/YogDzewa.java,67
com.shatteredpixel.shatteredpixeldungeon.actors.mobs.YogDzewa.Larva,Mob,20,30,"Random.NormalIntRange( 15, 25 )",12,"super.drRoll() + Random.NormalIntRange(0, 4)",Mob default: Char default: 1,inherited(Mob: delay * MonsterStats.attackDelayMultiplier(this)),Light.DISTANCE,5,-2,Mob default: 0,randomized behavior/formula,1.0,0.8,1.0,1.0,1.0,1.0,1.0,1.0,1.0,1.0,0.10,0.064,0.05,0.03,core/src/main/java/com/shatteredpixel/shatteredpixeldungeon/actors/mobs/YogDzewa.java,641
com.shatteredpixel.shatteredpixeldungeon.actors.mobs.YogDzewa.YogEye,Eye,inherited(Eye: 100),inherited(Eye: 30),"inherited(Eye: Random.NormalIntRange(20, 30))",inherited(Eye: 20),"inherited(Eye: super.drRoll() + Random.NormalIntRange(0, 10))",Mob default: Char default: 1,inherited(Mob: delay * MonsterStats.attackDelayMultiplier(this)),inherited(Eye: Light.DISTANCE),inherited(Eye: 13),-2,inherited(Eye: 1f),,1.0,0.8,1.0,1.0,1.0,1.0,1.0,1.0,1.0,1.0,0.10,0.064,0.05,0.03,core/src/main/java/com/shatteredpixel/shatteredpixeldungeon/actors/mobs/YogDzewa.java,681
com.shatteredpixel.shatteredpixeldungeon.actors.mobs.YogDzewa.YogRipper,RipperDemon,inherited(RipperDemon: 60),inherited(RipperDemon: 30),"inherited(RipperDemon: Random.NormalIntRange( 15, 25 ))",inherited(RipperDemon: 22),"inherited(RipperDemon: super.drRoll() + Random.NormalIntRange(0, 4))",inherited(RipperDemon: 1f),inherited(RipperDemon: super.attackDelay()*0.5f),inherited(RipperDemon: Light.DISTANCE),inherited(RipperDemon: 9),-2,Mob default: 0,,1.0,0.8,1.0,1.0,1.0,1.0,1.0,1.0,1.0,1.0,0.10,0.064,0.05,0.03,core/src/main/java/com/shatteredpixel/shatteredpixeldungeon/actors/mobs/YogDzewa.java,675
com.shatteredpixel.shatteredpixeldungeon.actors.mobs.YogDzewa.YogScorpio,Scorpio,inherited(Scorpio: 110),inherited(Scorpio: 36),"inherited(Scorpio: Random.NormalIntRange( 30, 40 ))",inherited(Scorpio: 24),"inherited(Scorpio: super.drRoll() + Random.NormalIntRange(0, 16))",Mob default: Char default: 1,inherited(Mob: delay * MonsterStats.attackDelayMultiplier(this)),inherited(Scorpio: Light.DISTANCE),inherited(Scorpio: 14),-2,inherited(Scorpio: 0.5f),,1.0,0.8,1.0,1.0,1.0,1.0,1.0,1.0,1.0,1.0,0.10,0.064,0.05,0.03,core/src/main/java/com/shatteredpixel/shatteredpixeldungeon/actors/mobs/YogDzewa.java,687
com.shatteredpixel.shatteredpixeldungeon.actors.mobs.YogFist.BrightFist,YogFist,inherited(YogFist: 300),inherited(YogFist: 36),"inherited(YogFist: Random.NormalIntRange( 18, 36 ))",inherited(YogFist: 20),"inherited(YogFist: super.drRoll() + Random.NormalIntRange(0, 15))",Mob default: Char default: 1,inherited(Mob: delay * MonsterStats.attackDelayMultiplier(this)),inherited(YogFist: Light.DISTANCE),inherited(YogFist: 25),inherited(YogFist: -2),Mob default: 0,randomized behavior/formula,1.0,0.8,1.0,1.0,1.0,1.0,1.0,1.0,1.0,1.0,0,0,0,0,core/src/main/java/com/shatteredpixel/shatteredpixeldungeon/actors/mobs/YogFist.java,501
com.shatteredpixel.shatteredpixeldungeon.actors.mobs.YogFist.BurningFist,YogFist,inherited(YogFist: 300),inherited(YogFist: 36),"inherited(YogFist: Random.NormalIntRange( 18, 36 ))",inherited(YogFist: 20),"inherited(YogFist: super.drRoll() + Random.NormalIntRange(0, 15))",Mob default: Char default: 1,inherited(Mob: delay * MonsterStats.attackDelayMultiplier(this)),inherited(YogFist: Light.DISTANCE),inherited(YogFist: 25),inherited(YogFist: -2),Mob default: 0,randomized behavior/formula,1.0,0.8,1.0,1.0,1.0,1.0,1.0,1.0,1.0,1.0,0,0,0,0,core/src/main/java/com/shatteredpixel/shatteredpixeldungeon/actors/mobs/YogFist.java,216
com.shatteredpixel.shatteredpixeldungeon.actors.mobs.YogFist.DarkFist,YogFist,inherited(YogFist: 300),inherited(YogFist: 36),"inherited(YogFist: Random.NormalIntRange( 18, 36 ))",inherited(YogFist: 20),"inherited(YogFist: super.drRoll() + Random.NormalIntRange(0, 15))",Mob default: Char default: 1,inherited(Mob: delay * MonsterStats.attackDelayMultiplier(this)),inherited(YogFist: Light.DISTANCE),inherited(YogFist: 25),inherited(YogFist: -2),Mob default: 0,randomized behavior/formula,1.0,0.8,1.0,1.0,1.0,1.0,1.0,1.0,1.0,1.0,0,0,0,0,core/src/main/java/com/shatteredpixel/shatteredpixeldungeon/actors/mobs/YogFist.java,569
com.shatteredpixel.shatteredpixeldungeon.actors.mobs.YogFist.RottingFist,YogFist,inherited(YogFist: 300),inherited(YogFist: 36),"inherited(YogFist: Random.NormalIntRange( 18, 36 ))",inherited(YogFist: 20),"inherited(YogFist: super.drRoll() + Random.NormalIntRange(0, 15))",Mob default: Char default: 1,inherited(Mob: delay * MonsterStats.attackDelayMultiplier(this)),inherited(YogFist: Light.DISTANCE),inherited(YogFist: 25),inherited(YogFist: -2),Mob default: 0,phase or runtime HP/HT changes; randomized behavior/formula,1.0,0.8,1.0,1.0,1.0,1.0,1.0,1.0,1.0,1.0,0,0,0,0,core/src/main/java/com/shatteredpixel/shatteredpixeldungeon/actors/mobs/YogFist.java,399
com.shatteredpixel.shatteredpixeldungeon.actors.mobs.YogFist.RustedFist,YogFist,inherited(YogFist: 300),inherited(YogFist: 36),"Random.NormalIntRange( 22, 44 )",inherited(YogFist: 20),"inherited(YogFist: super.drRoll() + Random.NormalIntRange(0, 15))",Mob default: Char default: 1,inherited(Mob: delay * MonsterStats.attackDelayMultiplier(this)),inherited(YogFist: Light.DISTANCE),inherited(YogFist: 25),inherited(YogFist: -2),Mob default: 0,randomized behavior/formula,1.0,0.8,1.0,1.0,1.0,1.0,1.0,1.0,1.0,1.0,0,0,0,0,core/src/main/java/com/shatteredpixel/shatteredpixeldungeon/actors/mobs/YogFist.java,466
com.shatteredpixel.shatteredpixeldungeon.actors.mobs.YogFist.SoiledFist,YogFist,inherited(YogFist: 300),inherited(YogFist: 36),"inherited(YogFist: Random.NormalIntRange( 18, 36 ))",inherited(YogFist: 20),"inherited(YogFist: super.drRoll() + Random.NormalIntRange(0, 15))",Mob default: Char default: 1,inherited(Mob: delay * MonsterStats.attackDelayMultiplier(this)),inherited(YogFist: Light.DISTANCE),inherited(YogFist: 25),inherited(YogFist: -2),Mob default: 0,randomized behavior/formula,1.0,0.8,1.0,1.0,1.0,1.0,1.0,1.0,1.0,1.0,0,0,0,0,core/src/main/java/com/shatteredpixel/shatteredpixeldungeon/actors/mobs/YogFist.java,289
