mob_class,parent_class,hp_ht_init,attack_skill_formula,damage_roll_formula,defense_skill_init,dr_formula,exp_init,max_level_init,loot_chance_init,dynamic_notes,source_file,source_line
Acidic,Scorpio,inherited(Scorpio: 110),inherited(Scorpio: 36),"inherited(Scorpio: Random.NormalIntRange( 30, 40 ))",inherited(Scorpio: 24),"inherited(Scorpio: super.drRoll() + Random.NormalIntRange(0, 16))",inherited(Scorpio: 14),inherited(Scorpio: 27),1f,,core/src/main/java/com/shatteredpixel/shatteredpixeldungeon/actors/mobs/Acidic.java,32
Albino,Rat,12,inherited(Rat: 8),"inherited(Rat: Random.NormalIntRange( 1, 4 ))",inherited(Rat: 2),"inherited(Rat: super.drRoll() + Random.NormalIntRange(0, 1))",2,inherited(Rat: 5),1f,randomized behavior/formula,core/src/main/java/com/shatteredpixel/shatteredpixeldungeon/actors/mobs/Albino.java,31
ArmoredBrute,Brute,inherited(Brute: 40),inherited(Brute: 20),"buff(ArmoredRage.class) != null ? Random.NormalIntRange( 15, 40 ) : Random.NormalIntRange( 5, 25 )",inherited(Brute: 15),super.drRoll() + 4,inherited(Brute: 8),inherited(Brute: 16),1f,randomized behavior/formula,core/src/main/java/com/shatteredpixel/shatteredpixeldungeon/actors/mobs/ArmoredBrute.java,37
ArmoredStatue,Statue,30 + Dungeon.depth * 10,"inherited(Statue: (int)((9 + Dungeon.depth) * weapon.accuracyFactor( this, target )))",inherited(Statue: weapon.damageRoll(this)),inherited(Statue: 4 + Dungeon.depth),"super.drRoll() + Random.NormalIntRange( armor.DRMin(), armor.DRMax())",inherited(Statue: 0),Mob default: Hero.MAX_LEVEL-1,Mob default: 0,depth/challenge-dependent code; randomized behavior/formula,core/src/main/java/com/shatteredpixel/shatteredpixeldungeon/actors/mobs/ArmoredStatue.java,35
Bandit,Thief,inherited(Thief: 20),inherited(Thief: 12),"inherited(Thief: Random.NormalIntRange( 1, 10 ))",inherited(Thief: 12),"inherited(Thief: super.drRoll() + Random.NormalIntRange(0, 3))",inherited(Thief: 5),inherited(Thief: 11),1f,randomized behavior/formula,core/src/main/java/com/shatteredpixel/shatteredpixeldungeon/actors/mobs/Bandit.java,34
Bat,Mob,30,16,"Random.NormalIntRange( 5, 18 )",15,"super.drRoll() + Random.NormalIntRange(0, 4)",7,15,0.1667f,randomized behavior/formula,core/src/main/java/com/shatteredpixel/shatteredpixeldungeon/actors/mobs/Bat.java,33
Bee,Mob,dynamic / unresolved,defenseSkill,"Random.NormalIntRange( HT / 10, HT / 4 )",Mob default: 0,Char default: 0,0,Mob default: Hero.MAX_LEVEL-1,Mob default: 0,randomized behavior/formula,core/src/main/java/com/shatteredpixel/shatteredpixeldungeon/actors/mobs/Bee.java,37
Brute,Mob,40,20,"buff(BruteRage.class) != null ? Random.NormalIntRange( 15, 40 ) : Random.NormalIntRange( 5, 25 )",15,"super.drRoll() + Random.NormalIntRange(0, 8)",8,16,0.5f,randomized behavior/formula,core/src/main/java/com/shatteredpixel/shatteredpixeldungeon/actors/mobs/Brute.java,40
CausticSlime,Slime,inherited(Slime: 20),inherited(Slime: 12),"inherited(Slime: Random.NormalIntRange( 2, 5 ))",inherited(Slime: 5),Char default: 0,inherited(Slime: 4),inherited(Slime: 9),inherited(Slime: 0.2f),randomized behavior/formula,core/src/main/java/com/shatteredpixel/shatteredpixeldungeon/actors/mobs/CausticSlime.java,33
Crab,Mob,15,12,"Random.NormalIntRange( 1, 7 )",5,"super.drRoll() + Random.NormalIntRange(0, 4)",4,9,0.167f,randomized behavior/formula,core/src/main/java/com/shatteredpixel/shatteredpixeldungeon/actors/mobs/Crab.java,29
CrystalGuardian,Mob,100,20,"Random.NormalIntRange( 10, 16 )",14,"super.drRoll() + Random.NormalIntRange(0, 10)",10,-2,Mob default: 0,phase or runtime HP/HT changes; randomized behavior/formula,core/src/main/java/com/shatteredpixel/shatteredpixeldungeon/actors/mobs/CrystalGuardian.java,46
CrystalMimic,Mimic,dynamic / unresolved,inherited(Mimic: INFINITE_ACCURACY | 6 + level),dmg | super.damageRoll(),Mob default: 0,"inherited(Mimic: super.drRoll() + Random.NormalIntRange(0, 1 + level/2))",inherited(Mimic: 0),Mob default: Hero.MAX_LEVEL-1,Mob default: 0,randomized behavior/formula,core/src/main/java/com/shatteredpixel/shatteredpixeldungeon/actors/mobs/CrystalMimic.java,50
CrystalSpire,Mob,300,Char default: 0,Char default: 1,Mob default: 0,Char default: 0,20,Mob default: Hero.MAX_LEVEL-1,Mob default: 0,randomized behavior/formula,core/src/main/java/com/shatteredpixel/shatteredpixeldungeon/actors/mobs/CrystalSpire.java,60
CrystalWisp,Mob,30,18,"Random.NormalIntRange( 5, 10 )",16,"super.drRoll() + Random.NormalIntRange(0, 5)",7,-2,Mob default: 0,randomized behavior/formula,core/src/main/java/com/shatteredpixel/shatteredpixeldungeon/actors/mobs/CrystalWisp.java,37
DemonSpawner,Mob,120,Char default: 0,Char default: 1,0,"super.drRoll() + Random.NormalIntRange(0, 12)",15,29,1f,depth/challenge-dependent code; randomized behavior/formula,core/src/main/java/com/shatteredpixel/shatteredpixeldungeon/actors/mobs/DemonSpawner.java,41
DM100,Mob,20,11,"Random.NormalIntRange( 2, 8 )",8,"super.drRoll() + Random.NormalIntRange(0, 4)",6,13,0.25f,randomized behavior/formula,core/src/main/java/com/shatteredpixel/shatteredpixeldungeon/actors/mobs/DM100.java,40
DM200,Mob,80,20,"Random.NormalIntRange( 10, 25 )",12,"super.drRoll() + Random.NormalIntRange(0, 8)",9,17,0.2f,randomized behavior/formula,core/src/main/java/com/shatteredpixel/shatteredpixeldungeon/actors/mobs/DM200.java,38
DM201,DM200,120,inherited(DM200: 20),"Random.NormalIntRange( 15, 25 )",inherited(DM200: 12),"inherited(DM200: super.drRoll() + Random.NormalIntRange(0, 8))",inherited(DM200: 9),inherited(DM200: 17),inherited(DM200: 0.2f),randomized behavior/formula,core/src/main/java/com/shatteredpixel/shatteredpixeldungeon/actors/mobs/DM201.java,35
DM300,Mob,Dungeon.isChallenged(Challenges.STRONGER_BOSSES) ? 400 : 300,20,"Random.NormalIntRange( 15, 25 )",15,"super.drRoll() + Random.NormalIntRange(0, 10)",30,Mob default: Hero.MAX_LEVEL-1,Mob default: 0,depth/challenge-dependent code; randomized behavior/formula,core/src/main/java/com/shatteredpixel/shatteredpixeldungeon/actors/mobs/DM300.java,79
DwarfKing,Mob,Dungeon.isChallenged(Challenges.STRONGER_BOSSES) ? 450 : 300,26,"Random.NormalIntRange( 15, 25 )",22,"super.drRoll() + Random.NormalIntRange(0, 10)",40,Mob default: Hero.MAX_LEVEL-1,Mob default: 0,depth/challenge-dependent code; phase or runtime HP/HT changes; randomized behavior/formula,core/src/main/java/com/shatteredpixel/shatteredpixeldungeon/actors/mobs/DwarfKing.java,80
DwarfKing.DKGhoul,Ghoul,inherited(Ghoul: 45),inherited(Ghoul: 24),"inherited(Ghoul: Random.NormalIntRange( 16, 22 ))",inherited(Ghoul: 20),"inherited(Ghoul: super.drRoll() + Random.NormalIntRange(0, 4))",inherited(Ghoul: 5),inherited(Ghoul: 20),inherited(Ghoul: 0.2f),,core/src/main/java/com/shatteredpixel/shatteredpixeldungeon/actors/mobs/DwarfKing.java,604
DwarfKing.DKGolem,Golem,inherited(Golem: 120),inherited(Golem: 28),"inherited(Golem: Random.NormalIntRange( 25, 30 ))",inherited(Golem: 15),"inherited(Golem: super.drRoll() + Random.NormalIntRange(0, 12))",inherited(Golem: 12),inherited(Golem: 22),inherited(Golem: 0.2f),,core/src/main/java/com/shatteredpixel/shatteredpixeldungeon/actors/mobs/DwarfKing.java,639
DwarfKing.DKMonk,Monk,inherited(Monk: 70),inherited(Monk: 30),"inherited(Monk: Random.NormalIntRange( 12, 25 ))",inherited(Monk: 30),"inherited(Monk: super.drRoll() + Random.NormalIntRange(0, 2))",inherited(Monk: 11),inherited(Monk: 21),inherited(Monk: 0.083f),,core/src/main/java/com/shatteredpixel/shatteredpixeldungeon/actors/mobs/DwarfKing.java,617
DwarfKing.DKWarlock,Warlock,inherited(Warlock: 70),inherited(Warlock: 25),"inherited(Warlock: Random.NormalIntRange( 12, 18 ))",inherited(Warlock: 18),"inherited(Warlock: super.drRoll() + Random.NormalIntRange(0, 8))",inherited(Warlock: 11),inherited(Warlock: 21),inherited(Warlock: 0.5f),,core/src/main/java/com/shatteredpixel/shatteredpixeldungeon/actors/mobs/DwarfKing.java,624
EbonyMimic,Mimic,dynamic / unresolved,inherited(Mimic: INFINITE_ACCURACY | 6 + level),Math.round(super.damageRoll()*2f) | super.damageRoll(),Mob default: 0,"inherited(Mimic: super.drRoll() + Random.NormalIntRange(0, 1 + level/2))",inherited(Mimic: 0),Mob default: Hero.MAX_LEVEL-1,Mob default: 0,,core/src/main/java/com/shatteredpixel/shatteredpixeldungeon/actors/mobs/EbonyMimic.java,44
Elemental.AllyNewBornElemental,NewbornFireElemental,inherited(Elemental: 60),inherited(Elemental.NewbornFireElemental: 15 | super.attackSkill(target)),"inherited(Elemental.NewbornFireElemental: Random.NormalIntRange(10, 12) | super.damageRoll())",inherited(Elemental.NewbornFireElemental: 12),"inherited(Elemental: super.drRoll() + Random.NormalIntRange(0, 5))",inherited(Elemental: 10),inherited(Elemental: 20),inherited(Elemental.FireElemental: 1/8f),,core/src/main/java/com/shatteredpixel/shatteredpixeldungeon/actors/mobs/Elemental.java,470
Elemental.ChaosElemental,Elemental,inherited(Elemental: 60),inherited(Elemental: 25 | 5 + 5*regionScale),"inherited(Elemental: Random.NormalIntRange(20, 25) | Random.NormalIntRange(5*regionScale, 5 + 5*regionScale))",inherited(Elemental: 20),"inherited(Elemental: super.drRoll() + Random.NormalIntRange(0, 5))",inherited(Elemental: 10),inherited(Elemental: 20),1f,randomized behavior/formula,core/src/main/java/com/shatteredpixel/shatteredpixeldungeon/actors/mobs/Elemental.java,558
Elemental.FireElemental,Elemental,inherited(Elemental: 60),inherited(Elemental: 25 | 5 + 5*regionScale),"inherited(Elemental: Random.NormalIntRange(20, 25) | Random.NormalIntRange(5*regionScale, 5 + 5*regionScale))",inherited(Elemental: 20),"inherited(Elemental: super.drRoll() + Random.NormalIntRange(0, 5))",inherited(Elemental: 10),inherited(Elemental: 20),1/8f,randomized behavior/formula,core/src/main/java/com/shatteredpixel/shatteredpixeldungeon/actors/mobs/Elemental.java,227
Elemental.FrostElemental,Elemental,inherited(Elemental: 60),inherited(Elemental: 25 | 5 + 5*regionScale),"inherited(Elemental: Random.NormalIntRange(20, 25) | Random.NormalIntRange(5*regionScale, 5 + 5*regionScale))",inherited(Elemental: 20),"inherited(Elemental: super.drRoll() + Random.NormalIntRange(0, 5))",inherited(Elemental: 10),inherited(Elemental: 20),1/8f,randomized behavior/formula,core/src/main/java/com/shatteredpixel/shatteredpixeldungeon/actors/mobs/Elemental.java,480
Elemental.NewbornFireElemental,FireElemental,inherited(Elemental: 60),15 | super.attackSkill(target),"Random.NormalIntRange(10, 12) | super.damageRoll()",12,"inherited(Elemental: super.drRoll() + Random.NormalIntRange(0, 5))",inherited(Elemental: 10),inherited(Elemental: 20),inherited(Elemental.FireElemental: 1/8f),randomized behavior/formula,core/src/main/java/com/shatteredpixel/shatteredpixeldungeon/actors/mobs/Elemental.java,260
Elemental.ShockElemental,Elemental,inherited(Elemental: 60),inherited(Elemental: 25 | 5 + 5*regionScale),"inherited(Elemental: Random.NormalIntRange(20, 25) | Random.NormalIntRange(5*regionScale, 5 + 5*regionScale))",inherited(Elemental: 20),"inherited(Elemental: super.drRoll() + Random.NormalIntRange(0, 5))",inherited(Elemental: 10),inherited(Elemental: 20),1/4f,,core/src/main/java/com/shatteredpixel/shatteredpixeldungeon/actors/mobs/Elemental.java,508
Eye,Mob,100,30,"Random.NormalIntRange(20, 30)",20,"super.drRoll() + Random.NormalIntRange(0, 10)",13,26,1f,randomized behavior/formula,core/src/main/java/com/shatteredpixel/shatteredpixeldungeon/actors/mobs/Eye.java,48
FetidRat,Rat,20,12,"inherited(Rat: Random.NormalIntRange( 1, 4 ))",5,"super.drRoll() + Random.NormalIntRange(0, 2)",4,inherited(Rat: 5),Mob default: 0,randomized behavior/formula,core/src/main/java/com/shatteredpixel/shatteredpixeldungeon/actors/mobs/FetidRat.java,37
FungalCore,Mob,300,Char default: 0,Char default: 1,Mob default: 0,Char default: 0,20,Mob default: Hero.MAX_LEVEL-1,Mob default: 0,,core/src/main/java/com/shatteredpixel/shatteredpixeldungeon/actors/mobs/FungalCore.java,27
FungalSentry,Mob,200,50,"Random.NormalIntRange(5, 10)",12,Char default: 0,10,-2,Mob default: 0,randomized behavior/formula,core/src/main/java/com/shatteredpixel/shatteredpixeldungeon/actors/mobs/FungalSentry.java,32
FungalSpinner,Spinner,40,inherited(Spinner: 22),"inherited(Spinner: Random.NormalIntRange(10, 20))",16,"inherited(Spinner: super.drRoll() + Random.NormalIntRange(0, 6))",7,-2,inherited(Spinner: 0.125f),,core/src/main/java/com/shatteredpixel/shatteredpixeldungeon/actors/mobs/FungalSpinner.java,33
Ghoul,Mob,45,24,"Random.NormalIntRange( 16, 22 )",20,"super.drRoll() + Random.NormalIntRange(0, 4)",5,20,0.2f,randomized behavior/formula,core/src/main/java/com/shatteredpixel/shatteredpixeldungeon/actors/mobs/Ghoul.java,43
Gnoll,Mob,12,10,"Random.NormalIntRange( 1, 6 )",4,"super.drRoll() + Random.NormalIntRange(0, 2)",2,8,0.5f,randomized behavior/formula,core/src/main/java/com/shatteredpixel/shatteredpixeldungeon/actors/mobs/Gnoll.java,29
GnollExile,Gnoll,24,15,"Random.NormalIntRange( 1, 10 )",6,"super.drRoll() + Random.NormalIntRange(0, 1)",inherited(Gnoll: 2),inherited(Gnoll: 8),0f,randomized behavior/formula,core/src/main/java/com/shatteredpixel/shatteredpixeldungeon/actors/mobs/GnollExile.java,41
GnollGeomancer,Mob,150,20,"Random.NormalIntRange( 3, 6 )",Mob default: 0,"super.drRoll() + Random.NormalIntRange(0, 6)",20,Mob default: Hero.MAX_LEVEL-1,Mob default: 0,randomized behavior/formula,core/src/main/java/com/shatteredpixel/shatteredpixeldungeon/actors/mobs/GnollGeomancer.java,66
GnollGuard,Mob,35,20,"Random.NormalIntRange( 16, 22 ) | Random.NormalIntRange( 6, 12 )",15,"super.drRoll() + Random.NormalIntRange(0, 6)",7,-2,0.1f,randomized behavior/formula,core/src/main/java/com/shatteredpixel/shatteredpixeldungeon/actors/mobs/GnollGuard.java,35
GnollSapper,Mob,45,18,"Random.NormalIntRange( 1, 6 )",15,"super.drRoll() + Random.NormalIntRange(0, 6)",10,-2,Mob default: 0,randomized behavior/formula,core/src/main/java/com/shatteredpixel/shatteredpixeldungeon/actors/mobs/GnollSapper.java,37
GnollTrickster,Gnoll,20,16,"inherited(Gnoll: Random.NormalIntRange( 1, 6 ))",5,"inherited(Gnoll: super.drRoll() + Random.NormalIntRange(0, 2))",5,inherited(Gnoll: 8),1f,randomized behavior/formula,core/src/main/java/com/shatteredpixel/shatteredpixeldungeon/actors/mobs/GnollTrickster.java,43
GoldenMimic,Mimic,dynamic / unresolved,inherited(Mimic: INFINITE_ACCURACY | 6 + level),"inherited(Mimic: Random.NormalIntRange( 2 + 2*level, 2 + 2*level) | Random.NormalIntRange( 1 + level, 2 + 2*level))",Mob default: 0,"inherited(Mimic: super.drRoll() + Random.NormalIntRange(0, 1 + level/2))",inherited(Mimic: 0),Mob default: Hero.MAX_LEVEL-1,Mob default: 0,randomized behavior/formula,core/src/main/java/com/shatteredpixel/shatteredpixeldungeon/actors/mobs/GoldenMimic.java,44
Golem,Mob,120,28,"Random.NormalIntRange( 25, 30 )",15,"super.drRoll() + Random.NormalIntRange(0, 12)",12,22,0.2f,randomized behavior/formula,core/src/main/java/com/shatteredpixel/shatteredpixeldungeon/actors/mobs/Golem.java,40
Goo,Mob,Dungeon.isChallenged(Challenges.STRONGER_BOSSES) ? 120 : 100,attack,"Random.NormalIntRange( min*3, max*3 ) | Random.NormalIntRange( min, max )",8,"super.drRoll() + Random.NormalIntRange(0, 2)",10,Mob default: Hero.MAX_LEVEL-1,Mob default: 0,depth/challenge-dependent code; phase or runtime HP/HT changes; randomized behavior/formula,core/src/main/java/com/shatteredpixel/shatteredpixeldungeon/actors/mobs/Goo.java,51
GreatCrab,Crab,25,inherited(Crab: 12),"inherited(Crab: Random.NormalIntRange( 1, 7 ))",0,"inherited(Crab: super.drRoll() + Random.NormalIntRange(0, 4))",6,inherited(Crab: 9),1f,randomized behavior/formula,core/src/main/java/com/shatteredpixel/shatteredpixeldungeon/actors/mobs/GreatCrab.java,40
Guard,Mob,40,12,"Random.NormalIntRange(4, 12)",10,"super.drRoll() + Random.NormalIntRange(0, 7)",7,14,0.2f,randomized behavior/formula,core/src/main/java/com/shatteredpixel/shatteredpixeldungeon/actors/mobs/Guard.java,43
HermitCrab,Crab,25,inherited(Crab: 12),"inherited(Crab: Random.NormalIntRange( 1, 7 ))",inherited(Crab: 5),super.drRoll() + 2,inherited(Crab: 4),inherited(Crab: 9),0.5f,,core/src/main/java/com/shatteredpixel/shatteredpixeldungeon/actors/mobs/HermitCrab.java,28
Mimic,Mob,dynamic / unresolved,INFINITE_ACCURACY | 6 + level,"Random.NormalIntRange( 2 + 2*level, 2 + 2*level) | Random.NormalIntRange( 1 + level, 2 + 2*level)",Mob default: 0,"super.drRoll() + Random.NormalIntRange(0, 1 + level/2)",0,Mob default: Hero.MAX_LEVEL-1,Mob default: 0,depth/challenge-dependent code; randomized behavior/formula,core/src/main/java/com/shatteredpixel/shatteredpixeldungeon/actors/mobs/Mimic.java,51
Monk,Mob,70,30,"Random.NormalIntRange( 12, 25 )",30,"super.drRoll() + Random.NormalIntRange(0, 2)",11,21,0.083f,randomized behavior/formula,core/src/main/java/com/shatteredpixel/shatteredpixeldungeon/actors/mobs/Monk.java,37
Necromancer,Mob,40,Char default: 0,Char default: 1,14,"super.drRoll() + Random.NormalIntRange(0, 5)",7,14,0.2f,phase or runtime HP/HT changes; randomized behavior/formula,core/src/main/java/com/shatteredpixel/shatteredpixeldungeon/actors/mobs/Necromancer.java,50
Necromancer.NecroSkeleton,Skeleton,inherited(Skeleton: 25),inherited(Skeleton: 12),"inherited(Skeleton: Random.NormalIntRange( 2, 10 ))",inherited(Skeleton: 9),"inherited(Skeleton: super.drRoll() + Random.NormalIntRange(0, 5))",inherited(Skeleton: 5),-5,inherited(Skeleton: 0.1667f),,core/src/main/java/com/shatteredpixel/shatteredpixeldungeon/actors/mobs/Necromancer.java,409
PhantomPiranha,Piranha,inherited(Piranha: 10 + Dungeon.depth * 5),inherited(Piranha: 20 + Dungeon.depth * 2),"inherited(Piranha: Random.NormalIntRange( Dungeon.depth, 4 + Dungeon.depth * 2 ))",inherited(Piranha: 10 + Dungeon.depth * 2),"inherited(Piranha: super.drRoll() + Random.NormalIntRange(0, Dungeon.depth))",inherited(Piranha: 0),Mob default: Hero.MAX_LEVEL-1,1f,randomized behavior/formula,core/src/main/java/com/shatteredpixel/shatteredpixeldungeon/actors/mobs/PhantomPiranha.java,40
Piranha,Mob,10 + Dungeon.depth * 5,20 + Dungeon.depth * 2,"Random.NormalIntRange( Dungeon.depth, 4 + Dungeon.depth * 2 )",10 + Dungeon.depth * 2,"super.drRoll() + Random.NormalIntRange(0, Dungeon.depth)",0,Mob default: Hero.MAX_LEVEL-1,1f,depth/challenge-dependent code; randomized behavior/formula,core/src/main/java/com/shatteredpixel/shatteredpixeldungeon/actors/mobs/Piranha.java,42
Pylon,Mob,Dungeon.isChallenged(Challenges.STRONGER_BOSSES) ? 80 : 50,Char default: 0,Char default: 1,Mob default: 0,Char default: 0,Mob default: 1,-2,Mob default: 0,depth/challenge-dependent code; randomized behavior/formula,core/src/main/java/com/shatteredpixel/shatteredpixeldungeon/actors/mobs/Pylon.java,49
Rat,Mob,8,8,"Random.NormalIntRange( 1, 4 )",2,"super.drRoll() + Random.NormalIntRange(0, 1)",Mob default: 1,5,Mob default: 0,randomized behavior/formula,core/src/main/java/com/shatteredpixel/shatteredpixeldungeon/actors/mobs/Rat.java,31
RipperDemon,Mob,60,30,"Random.NormalIntRange( 15, 25 )",22,"super.drRoll() + Random.NormalIntRange(0, 4)",9,-2,Mob default: 0,randomized behavior/formula,core/src/main/java/com/shatteredpixel/shatteredpixeldungeon/actors/mobs/RipperDemon.java,46
RotHeart,Mob,80,0,0,0,"super.drRoll() + Random.NormalIntRange(0, 5)",4,Mob default: Hero.MAX_LEVEL-1,Mob default: 0,randomized behavior/formula,core/src/main/java/com/shatteredpixel/shatteredpixeldungeon/actors/mobs/RotHeart.java,37
RotLasher,Mob,80,25,"Random.NormalIntRange(10, 20)",0,"super.drRoll() + Random.NormalIntRange(0, 8)",1,Mob default: Hero.MAX_LEVEL-1,0.75f,phase or runtime HP/HT changes; randomized behavior/formula,core/src/main/java/com/shatteredpixel/shatteredpixeldungeon/actors/mobs/RotLasher.java,37
Scorpio,Mob,110,36,"Random.NormalIntRange( 30, 40 )",24,"super.drRoll() + Random.NormalIntRange(0, 16)",14,27,0.5f,randomized behavior/formula,core/src/main/java/com/shatteredpixel/shatteredpixeldungeon/actors/mobs/Scorpio.java,39
Senior,Monk,inherited(Monk: 70),inherited(Monk: 30),"Random.NormalIntRange( 16, 25 )",inherited(Monk: 30),"inherited(Monk: super.drRoll() + Random.NormalIntRange(0, 2))",inherited(Monk: 11),inherited(Monk: 21),1f,randomized behavior/formula,core/src/main/java/com/shatteredpixel/shatteredpixeldungeon/actors/mobs/Senior.java,28
Shaman.BlueShaman,Shaman,inherited(Shaman: 35),inherited(Shaman: 18),"inherited(Shaman: Random.NormalIntRange( 5, 10 ))",inherited(Shaman: 15),"inherited(Shaman: super.drRoll() + Random.NormalIntRange(0, 6))",inherited(Shaman: 8),inherited(Shaman: 16),inherited(Shaman: 0.03f),,core/src/main/java/com/shatteredpixel/shatteredpixeldungeon/actors/mobs/Shaman.java,162
Shaman.PurpleShaman,Shaman,inherited(Shaman: 35),inherited(Shaman: 18),"inherited(Shaman: Random.NormalIntRange( 5, 10 ))",inherited(Shaman: 15),"inherited(Shaman: super.drRoll() + Random.NormalIntRange(0, 6))",inherited(Shaman: 8),inherited(Shaman: 16),inherited(Shaman: 0.03f),,core/src/main/java/com/shatteredpixel/shatteredpixeldungeon/actors/mobs/Shaman.java,173
Shaman.RedShaman,Shaman,inherited(Shaman: 35),inherited(Shaman: 18),"inherited(Shaman: Random.NormalIntRange( 5, 10 ))",inherited(Shaman: 15),"inherited(Shaman: super.drRoll() + Random.NormalIntRange(0, 6))",inherited(Shaman: 8),inherited(Shaman: 16),inherited(Shaman: 0.03f),,core/src/main/java/com/shatteredpixel/shatteredpixeldungeon/actors/mobs/Shaman.java,151
Skeleton,Mob,25,12,"Random.NormalIntRange( 2, 10 )",9,"super.drRoll() + Random.NormalIntRange(0, 5)",5,10,0.1667f,randomized behavior/formula,core/src/main/java/com/shatteredpixel/shatteredpixeldungeon/actors/mobs/Skeleton.java,47
Slime,Mob,20,12,"Random.NormalIntRange( 2, 5 )",5,Char default: 0,4,9,0.2f,randomized behavior/formula,core/src/main/java/com/shatteredpixel/shatteredpixeldungeon/actors/mobs/Slime.java,33
Snake,Mob,4,10,"Random.NormalIntRange( 1, 4 )",25,Char default: 0,2,7,0.25f,randomized behavior/formula,core/src/main/java/com/shatteredpixel/shatteredpixeldungeon/actors/mobs/Snake.java,33
SpectralNecromancer,Necromancer,inherited(Necromancer: 40),Char default: 0,Char default: 1,inherited(Necromancer: 14),"inherited(Necromancer: super.drRoll() + Random.NormalIntRange(0, 5))",inherited(Necromancer: 7),inherited(Necromancer: 14),inherited(Necromancer: 0.2f),randomized behavior/formula,core/src/main/java/com/shatteredpixel/shatteredpixeldungeon/actors/mobs/SpectralNecromancer.java,40
Spinner,Mob,50,22,"Random.NormalIntRange(10, 20)",17,"super.drRoll() + Random.NormalIntRange(0, 6)",9,17,0.125f,randomized behavior/formula,core/src/main/java/com/shatteredpixel/shatteredpixeldungeon/actors/mobs/Spinner.java,41
Statue,Mob,15 + Dungeon.depth * 5,"(int)((9 + Dungeon.depth) * weapon.accuracyFactor( this, target ))",weapon.damageRoll(this),4 + Dungeon.depth,"super.drRoll() + Random.NormalIntRange(0, Dungeon.depth + weapon.defenseFactor(this))",0,Mob default: Hero.MAX_LEVEL-1,Mob default: 0,depth/challenge-dependent code; damage depends on equipped weapon; randomized behavior/formula,core/src/main/java/com/shatteredpixel/shatteredpixeldungeon/actors/mobs/Statue.java,41
Succubus,Mob,80,40,"Random.NormalIntRange( 25, 30 )",25,"super.drRoll() + Random.NormalIntRange(0, 10)",12,25,0.33f,randomized behavior/formula,core/src/main/java/com/shatteredpixel/shatteredpixeldungeon/actors/mobs/Succubus.java,51
Swarm,Mob,50,10,"Random.NormalIntRange( 1, 4 )",5,Char default: 0,3,9,0.1667f,randomized behavior/formula,core/src/main/java/com/shatteredpixel/shatteredpixeldungeon/actors/mobs/Swarm.java,40
Tengu,Mob,Dungeon.isChallenged(Challenges.STRONGER_BOSSES) ? 250 : 200,10 | 20,"Random.NormalIntRange( 6, 12 )",15,"super.drRoll() + Random.NormalIntRange(0, 5)",20,Mob default: Hero.MAX_LEVEL-1,Mob default: 0,depth/challenge-dependent code; phase or runtime HP/HT changes; randomized behavior/formula,core/src/main/java/com/shatteredpixel/shatteredpixeldungeon/actors/mobs/Tengu.java,85
Thief,Mob,20,12,"Random.NormalIntRange( 1, 10 )",12,"super.drRoll() + Random.NormalIntRange(0, 3)",5,11,0.03f,randomized behavior/formula,core/src/main/java/com/shatteredpixel/shatteredpixeldungeon/actors/mobs/Thief.java,39
TormentedSpirit,Wraith,inherited(Wraith: 1),10 + Math.round(1.5f*level),"Random.NormalIntRange( 1 + Math.round(1.5f*level)/2, 2 + Math.round(1.5f*level) )",Mob default: 0,Char default: 0,inherited(Wraith: 0),inherited(Wraith: -2),Mob default: 0,randomized behavior/formula,core/src/main/java/com/shatteredpixel/shatteredpixeldungeon/actors/mobs/TormentedSpirit.java,38
VaultBossElemental,Mob,600,28,"Random.NormalIntRange( 15, 20 ) | Random.NormalIntRange( 20, 25 )",20,"super.drRoll() + Random.NormalIntRange(0, 10)",30,Mob default: Hero.MAX_LEVEL-1,Mob default: 0,phase or runtime HP/HT changes; randomized behavior/formula,core/src/main/java/com/shatteredpixel/shatteredpixeldungeon/actors/mobs/quest/vault/VaultBossElemental.java,81
VaultDM100,DM100,inherited(DM100: 20),25,"inherited(DM100: Random.NormalIntRange( 2, 8 ))",18,super.drRoll() + 4,0,30,1,,core/src/main/java/com/shatteredpixel/shatteredpixeldungeon/actors/mobs/quest/vault/VaultDM100.java,29
VaultDM200,DM200,inherited(DM200: 80),28,"inherited(DM200: Random.NormalIntRange( 10, 25 ))",15,"inherited(DM200: super.drRoll() + Random.NormalIntRange(0, 8))",0,30,1,,core/src/main/java/com/shatteredpixel/shatteredpixeldungeon/actors/mobs/quest/vault/VaultDM200.java,30
VaultElemental.Fire,FireElemental,inherited(Elemental: 60),inherited(Elemental: 25 | 5 + 5*regionScale),"inherited(Elemental: Random.NormalIntRange(20, 25) | Random.NormalIntRange(5*regionScale, 5 + 5*regionScale))",inherited(Elemental: 20),"inherited(Elemental: super.drRoll() + Random.NormalIntRange(0, 5))",0,30,1,,core/src/main/java/com/shatteredpixel/shatteredpixeldungeon/actors/mobs/quest/vault/VaultElemental.java,41
VaultElemental.Frost,FrostElemental,inherited(Elemental: 60),inherited(Elemental: 25 | 5 + 5*regionScale),"inherited(Elemental: Random.NormalIntRange(20, 25) | Random.NormalIntRange(5*regionScale, 5 + 5*regionScale))",inherited(Elemental: 20),"inherited(Elemental: super.drRoll() + Random.NormalIntRange(0, 5))",0,30,1,,core/src/main/java/com/shatteredpixel/shatteredpixeldungeon/actors/mobs/quest/vault/VaultElemental.java,56
VaultElemental.Shock,ShockElemental,inherited(Elemental: 60),inherited(Elemental: 25 | 5 + 5*regionScale),"inherited(Elemental: Random.NormalIntRange(20, 25) | Random.NormalIntRange(5*regionScale, 5 + 5*regionScale))",inherited(Elemental: 20),"inherited(Elemental: super.drRoll() + Random.NormalIntRange(0, 5))",0,30,1,,core/src/main/java/com/shatteredpixel/shatteredpixeldungeon/actors/mobs/quest/vault/VaultElemental.java,71
VaultGhoul,Ghoul,inherited(Ghoul: 45),inherited(Ghoul: 24),"inherited(Ghoul: Random.NormalIntRange( 16, 22 ))",inherited(Ghoul: 20),"inherited(Ghoul: super.drRoll() + Random.NormalIntRange(0, 4))",0,30,1,,core/src/main/java/com/shatteredpixel/shatteredpixeldungeon/actors/mobs/quest/vault/VaultGhoul.java,31
VaultGolem,Golem,inherited(Golem: 120),inherited(Golem: 28),"inherited(Golem: Random.NormalIntRange( 25, 30 ))",inherited(Golem: 15),"inherited(Golem: super.drRoll() + Random.NormalIntRange(0, 12))",0,30,1,,core/src/main/java/com/shatteredpixel/shatteredpixeldungeon/actors/mobs/quest/vault/VaultGolem.java,29
VaultRat,Rat,inherited(Rat: 8),24,"inherited(Rat: Random.NormalIntRange( 1, 4 ))",18,"inherited(Rat: super.drRoll() + Random.NormalIntRange(0, 1))",0,30,1,,core/src/main/java/com/shatteredpixel/shatteredpixeldungeon/actors/mobs/quest/vault/VaultRat.java,32
VaultShaman,Shaman,inherited(Shaman: 35),25,"Random.NormalIntRange( 5, 25 )",18,super.drRoll() + 5,0,30,1,randomized behavior/formula,core/src/main/java/com/shatteredpixel/shatteredpixeldungeon/actors/mobs/quest/vault/VaultShaman.java,36
VaultSkeleton,Skeleton,inherited(Skeleton: 25),24,"inherited(Skeleton: Random.NormalIntRange( 2, 10 ))",20,super.drRoll() + 4,0,30,1,,core/src/main/java/com/shatteredpixel/shatteredpixeldungeon/actors/mobs/quest/vault/VaultSkeleton.java,30
Warlock,Mob,70,25,"Random.NormalIntRange( 12, 18 )",18,"super.drRoll() + Random.NormalIntRange(0, 8)",11,21,0.5f,randomized behavior/formula,core/src/main/java/com/shatteredpixel/shatteredpixeldungeon/actors/mobs/Warlock.java,43
Wraith,Mob,1,10 + level,"Random.NormalIntRange( 1 + level/2, 2 + level )",Mob default: 0,Char default: 0,0,-2,Mob default: 0,randomized behavior/formula,core/src/main/java/com/shatteredpixel/shatteredpixeldungeon/actors/mobs/Wraith.java,40
YogDzewa,Mob,1000,INFINITE_ACCURACY,Char default: 1,Mob default: 0,Char default: 0,50,Mob default: Hero.MAX_LEVEL-1,Mob default: 0,depth/challenge-dependent code; phase or runtime HP/HT changes; randomized behavior/formula,core/src/main/java/com/shatteredpixel/shatteredpixeldungeon/actors/mobs/YogDzewa.java,67
YogDzewa.Larva,Mob,20,30,"Random.NormalIntRange( 15, 25 )",12,"super.drRoll() + Random.NormalIntRange(0, 4)",5,-2,Mob default: 0,randomized behavior/formula,core/src/main/java/com/shatteredpixel/shatteredpixeldungeon/actors/mobs/YogDzewa.java,641
YogDzewa.YogEye,Eye,inherited(Eye: 100),inherited(Eye: 30),"inherited(Eye: Random.NormalIntRange(20, 30))",inherited(Eye: 20),"inherited(Eye: super.drRoll() + Random.NormalIntRange(0, 10))",inherited(Eye: 13),-2,inherited(Eye: 1f),,core/src/main/java/com/shatteredpixel/shatteredpixeldungeon/actors/mobs/YogDzewa.java,681
YogDzewa.YogRipper,RipperDemon,inherited(RipperDemon: 60),inherited(RipperDemon: 30),"inherited(RipperDemon: Random.NormalIntRange( 15, 25 ))",inherited(RipperDemon: 22),"inherited(RipperDemon: super.drRoll() + Random.NormalIntRange(0, 4))",inherited(RipperDemon: 9),-2,Mob default: 0,,core/src/main/java/com/shatteredpixel/shatteredpixeldungeon/actors/mobs/YogDzewa.java,675
YogDzewa.YogScorpio,Scorpio,inherited(Scorpio: 110),inherited(Scorpio: 36),"inherited(Scorpio: Random.NormalIntRange( 30, 40 ))",inherited(Scorpio: 24),"inherited(Scorpio: super.drRoll() + Random.NormalIntRange(0, 16))",inherited(Scorpio: 14),-2,inherited(Scorpio: 0.5f),,core/src/main/java/com/shatteredpixel/shatteredpixeldungeon/actors/mobs/YogDzewa.java,687
YogFist.BrightFist,YogFist,inherited(YogFist: 300),inherited(YogFist: 36),"inherited(YogFist: Random.NormalIntRange( 18, 36 ))",inherited(YogFist: 20),"inherited(YogFist: super.drRoll() + Random.NormalIntRange(0, 15))",inherited(YogFist: 25),inherited(YogFist: -2),Mob default: 0,randomized behavior/formula,core/src/main/java/com/shatteredpixel/shatteredpixeldungeon/actors/mobs/YogFist.java,501
YogFist.BurningFist,YogFist,inherited(YogFist: 300),inherited(YogFist: 36),"inherited(YogFist: Random.NormalIntRange( 18, 36 ))",inherited(YogFist: 20),"inherited(YogFist: super.drRoll() + Random.NormalIntRange(0, 15))",inherited(YogFist: 25),inherited(YogFist: -2),Mob default: 0,randomized behavior/formula,core/src/main/java/com/shatteredpixel/shatteredpixeldungeon/actors/mobs/YogFist.java,216
YogFist.DarkFist,YogFist,inherited(YogFist: 300),inherited(YogFist: 36),"inherited(YogFist: Random.NormalIntRange( 18, 36 ))",inherited(YogFist: 20),"inherited(YogFist: super.drRoll() + Random.NormalIntRange(0, 15))",inherited(YogFist: 25),inherited(YogFist: -2),Mob default: 0,randomized behavior/formula,core/src/main/java/com/shatteredpixel/shatteredpixeldungeon/actors/mobs/YogFist.java,569
YogFist.RottingFist,YogFist,inherited(YogFist: 300),inherited(YogFist: 36),"inherited(YogFist: Random.NormalIntRange( 18, 36 ))",inherited(YogFist: 20),"inherited(YogFist: super.drRoll() + Random.NormalIntRange(0, 15))",inherited(YogFist: 25),inherited(YogFist: -2),Mob default: 0,phase or runtime HP/HT changes; randomized behavior/formula,core/src/main/java/com/shatteredpixel/shatteredpixeldungeon/actors/mobs/YogFist.java,399
YogFist.RustedFist,YogFist,inherited(YogFist: 300),inherited(YogFist: 36),"Random.NormalIntRange( 22, 44 )",inherited(YogFist: 20),"inherited(YogFist: super.drRoll() + Random.NormalIntRange(0, 15))",inherited(YogFist: 25),inherited(YogFist: -2),Mob default: 0,randomized behavior/formula,core/src/main/java/com/shatteredpixel/shatteredpixeldungeon/actors/mobs/YogFist.java,466
YogFist.SoiledFist,YogFist,inherited(YogFist: 300),inherited(YogFist: 36),"inherited(YogFist: Random.NormalIntRange( 18, 36 ))",inherited(YogFist: 20),"inherited(YogFist: super.drRoll() + Random.NormalIntRange(0, 15))",inherited(YogFist: 25),inherited(YogFist: -2),Mob default: 0,randomized behavior/formula,core/src/main/java/com/shatteredpixel/shatteredpixeldungeon/actors/mobs/YogFist.java,289
